모델번호,시리얼,지역,자치구,행정동
SDOT001,OC3CL200011,parks,Seoul_Grand_Park,valet_parking1
SDOT001,OC3CL200020,main_street,Gangnam-gu,Yeoksam1(il)-dong
SDOT001,OC3CL200026,traditional_markets,Gangseo-gu,Banghwa1(il)-dong
SDOT001,OC3CL200027,main_street,Gangseo-gu,Gayang1(il)-dong
SDOT001,OC3CL200012,traditional_markets,Gwangjin-gu,Hwayang-dong
SDOT001,OC3CL200017,main_street,Gangdong-gu,Seongnae1(il)-dong
SDOT001,OC3CL200032,parks,Seongdong-gu,Seongsu1ga1(il)-dong
SDOT001,OC3CL200030,main_street,Dobong-gu,Chang1(il)-dong
SDOT001,OC3CL200022,main_street,Gangnam-gu,Daechi4(sa)-dong
SDOT001,OC3CL200025,main_street,Gangseo-gu,Gonghang-dong
SDOT001,OC3CL200018,main_street,Seongdong-gu,Seongsu1ga2(i)-dong
SDOT001,OC3CL200035,main_street,Eunpyeong-gu,Daejo-dong
SDOT001,OC3CL200016,main_street,Gangnam-gu,Apgujeong-dong
SDOT001,OC3CL200014,main_street,Jung-gu,Myeong-dong
SDOT001,OC3CL200013,main_street,Jongno-gu,Samcheong-dong
SDOT001,OC3CL200010,parks,Seoul_Grand_Park,meeting_bridge2
SDOT001,OC3CL200019,main_street,Yongsan-gu,Itaewon2(i)-dong
SDOT001,OC3CL200021,main_street,Gangnam-gu,Sinsa-dong
SDOT001,OC3CL200034,main_street,Yangcheon-gu,Sinjeong4(sa)-dong
SDOT001,OC3CL200028,main_street,Gwanak-gu,Nakseongdae-dong
SDOT001,OC3CL200052,roads_and_parks,Dobong-gu,Banghak1(il)-dong
SDOT001,OC3CL200038,main_street,Jongno-gu,Gahoe-dong
SDOT001,OC3CL200031,traditional_markets,Seodaemun-gu,Hongje3(sam)-dong
SDOT001,OC3CL200050,residential_area,Dobong-gu,Banghak1(il)-dong
SDOT001,OC3CL200044,main_street,Jung-gu,Hoehyeon-dong
SDOT001,OC3CL200045,main_street,Gangseo-gu,Banghwa3(sam)-dong
SDOT001,OC3CL200043,main_street,Jung-gu,Sindang-dong
SDOT001,OC3CL200046,main_street,Gangseo-gu,Deungchon1(il)-dong
SDOT001,OC3CL200042,main_street,Jung-gu,Gwanghui-dong
SDOT001,OC3CL200055,roads_and_parks,Seocho-gu,Banpo1(il)-dong
SDOT001,OC3CL200037,main_street,Jongno-gu,Gahoe-dong
SDOT001,OC3CL200040,main_street,Jongno-gu,Ihwa-dong
SDOT001,OC3CL200047,main_street,Jung-gu,Myeong-dong
SDOT001,OC3CL200041,main_street,Jung-gu,Sogong-dong
SDOT001,OC3CL200049,industrial_area,Dobong-gu,Chang4(sa)-dong
SDOT001,OC3CL200039,main_street,Jongno-gu,Dongseon-dong
SDOT001,OC3CL200033,parks,Songpa-gu,Jamsil6(yuk)-dong
SDOT001,OC3CL200051,roads_and_parks,Dobong-gu,Ssangmun3(sam)-dong
SDOT001,OC3CL200048,residential_area,Dobong-gu,Chang5-dong
SDOT001,OC3CL200036,parks,Eunpyeong-gu,Nokbeon-dong
SDOT001,OC3CL200072,parks,Gangdong-gu,Amsa3(sam)-dong
SDOT001,OC3CL200067,residential_area,Gangseo-gu,Deungchon2(i)-dong
SDOT001,OC3CL200054,residential_area,Seocho-gu,Bangbae2(i)-dong
SDOT001,OC3CL200058,roads_and_parks,Yangcheon-gu,Mok5(o)-dong
SDOT001,OC3CL200070,roads_and_parks,Gangdong-gu,Seongnae1(il)-dong
SDOT001,OC3CL200056,roads_and_parks,Seocho-gu,Bangbae2(i)-dong
SDOT001,OC3CL200071,roads_and_parks,Gangdong-gu,Godeok2(i)-dong
SDOT001,OC3CL200062,residential_area,Gangdong-gu,Cheonho2(i)-dong
SDOT001,OC3CL200059,roads_and_parks,Yangcheon-gu,Sinwol3(sam)-dong
SDOT001,OC3CL200076,main_street,Seocho-gu,Seocho3(sam)-dong
SDOT001,OC3CL200057,commercial_area,Geumcheon-gu,Gasan-dong
SDOT001,OC3CL200060,residential_area,Gangdong-gu,Dunchon1(il)-dong
SDOT001,OC3CL200069,residential_area,Eunpyeong-gu,Bulgwang2(i)-dong
SDOT001,OC3CL200053,roads_and_parks,Dobong-gu,Chang4(sa)-dong
SDOT001,OC3CL200075,main_street,Seocho-gu,Banpo4(sa)-dong
SDOT001,OC3CL200063,residential_area,Dobong-gu,Banghak1(il)-dong
SDOT001,OC3CL200074,main_street,Gangdong-gu,Cheonho1(il)-dong
SDOT001,OC3CL200065,parks,Seoul_Grand_Park,SeoulGrandPark
SDOT001,OC3CL200061,parks,Seoul_Grand_Park,SeoulGrandPark
SDOT001,OC3CL200066,residential_area,Gangbuk-gu,Songcheon-dong
SDOT001,OC3CL200077,main_street,Seocho-gu,Banpo3(sam)-dong
SDOT001,OC3CL200092,residential_area,Gangdong-gu,Amsa3(sam)-dong
SDOT001,OC3CL200094,residential_area,Gangdong-gu,Cheonho1(il)-dong
SDOT001,OC3CL200091,residential_area,Gangdong-gu,Sangil-dong
SDOT001,OC3CL200096,main_street,Mapo-gu,Mangwon1(il)-dong
SDOT001,OC3CL200083,residential_area,Gangdong-gu,Dunchon2(i)-dong
SDOT001,OC3CL200098,residential_area,Gangdong-gu,Sangil-dong
SDOT001,OC3CL200095,residential_area,Gangdong-gu,Godeok1(il)-dong
SDOT001,OC3CL200085,residential_area,Seocho-gu,Banpo1(il)-dong
SDOT001,OC3CL200102,residential_area,Gangdong-gu,Cheonho2(i)-dong
SDOT001,OC3CL200097,residential_area,Gangdong-gu,Gil-dong
SDOT001,OC3CL200100,parks,Gangbuk-gu,Beon3(sam)-dong
SDOT001,OC3CL200099,residential_area,Gangdong-gu,Seongnae1(il)-dong
SDOT001,OC3CL200082,residential_area,Gangseo-gu,Banghwa2(i)-dong
SDOT001,OC3CL200101,residential_area,Gangdong-gu,Cheonho1(il)-dong
SDOT001,OC3CL200093,residential_area,Gangdong-gu,Cheonho3(sam)-dong
SDOT001,OC3CL200079,main_street,Seocho-gu,Yangjae1(il)-dong
SDOT001,OC3CL200081,residential_area,Gangdong-gu,Cheonho2(i)-dong
SDOT001,OC3CL200103,residential_area,Gangdong-gu,Cheonho1(il)-dong
SDOT001,OC3CL200080,residential_area,Gangdong-gu,Godeok1(il)-dong
SDOT001,OC3CL200104,traditional_markets,Gangbuk-gu,Suyu3(sam)-dong
SDOT001,OC3CL200087,residential_area,Dongjak-gu,Sadang1(il)-dong
SDOT001,OC3CL200117,roads_and_parks,Gangdong-gu,Gangil-dong
SDOT001,OC3CL200113,residential_area,Yangcheon-gu,Sinjeong3(sam)-dong
SDOT001,OC3CL200088,residential_area,Dongjak-gu,Sang-do1(il)-dong
SDOT001,OC3CL200108,residential_area,Gangdong-gu,Godeok2(i)-dong
SDOT001,OC3CL200114,residential_area,Gangdong-gu,Cheonho2(i)-dong
SDOT001,OC3CL200073,roads_and_parks,Dongjak-gu,Sang-do4(sa)-dong
SDOT001,OC3CL200115,residential_area,Yangcheon-gu,Mok2(i)-dong
SDOT001,OC3CL200118,residential_area,Dongjak-gu,Sadang1(il)-dong
SDOT001,OC3CL200105,residential_area,Gangdong-gu,Sangil-dong
SDOT001,OC3CL200107,residential_area,Gangdong-gu,Cheonho1(il)-dong
SDOT001,OC3CL200068,residential_area,Dongjak-gu,Heukseok-dong
SDOT001,OC3CL200116,residential_area,Dongjak-gu,Sang-do4(sa)-dong
SDOT001,OC3CL200089,residential_area,Dongjak-gu,Sang-do1(il)-dong
SDOT001,OC3CL200111,residential_area,Yangcheon-gu,Sinwol7(chil)-dong
SDOT001,OC3CL200110,residential_area,Gangdong-gu,Amsa1(il)-dong
SDOT001,OC3CL200109,residential_area,Yangcheon-gu,Sinwol5(o)-dong
SDOT001,OC3CL200086,residential_area,Dongjak-gu,Sang-do1(il)-dong
SDOT001,OC3CL200106,residential_area,Gangdong-gu,Seongnae2(i)-dong
SDOT001,OC3CL200136,roads_and_parks,Gangbuk-gu,Suyu2(i)-dong
SDOT001,OC3CL200121,residential_area,Dobong-gu,Chang2(i)-dong
SDOT001,OC3CL200138,roads_and_parks,Seodaemun-gu,Hongeun1(il)-dong
SDOT001,OC3CL200134,residential_area,Gangbuk-gu,Beon1(il)-dong
SDOT001,OC3CL200119,residential_area,Dongjak-gu,Sang-do3(sam)-dong
SDOT001,OC3CL200133,residential_area,Gangbuk-gu,Songcheon-dong
SDOT001,OC3CL200129,residential_area,Gangbuk-gu,Beon3(sam)-dong
SDOT001,OC3CL200140,roads_and_parks,Gangnam-gu,Ilwonbon-dong
SDOT001,OC3CL200131,roads_and_parks,Gangdong-gu,Godeok1(il)-dong
SDOT001,OC3CL200137,roads_and_parks,Dobong-gu,Chang4(sa)-dong
SDOT001,OC3CL200125,residential_area,Dobong-gu,Banghak1(il)-dong
SDOT001,OC3CL200139,roads_and_parks,Yangcheon-gu,Sinjeong6(yuk)-dong
SDOT001,OC3CL200120,residential_area,Dongjak-gu,Sindaebang1(il)-dong
SDOT001,OC3CL200123,roads_and_parks,Gangdong-gu,Seongnae3(sam)-dong
SDOT001,OC3CL200132,residential_area,Gangbuk-gu,Insu-dong
SDOT001,OC3CL200124,residential_area,Dobong-gu,Ssangmun2(i)-dong
SDOT001,OC3CL200135,roads_and_parks,Gangnam-gu,Daechi2(i)-dong
SDOT001,OC3CL200122,residential_area,Dobong-gu,Ssangmun4(sa)-dong
SDOT001,OC3CL200128,residential_area,Dobong-gu,Dobong1(il)-dong
SDOT001,OC3CL200130,residential_area,Gangbuk-gu,Samyang-dong
SDOT001,OC3CL200149,roads_and_parks,Seodaemun-gu,Bukgajwa2(i)-dong
SDOT001,OC3CL200143,roads_and_parks,Gwangjin-gu,Junggok4(sa)-dong
SDOT001,OC3CL200155,roads_and_parks,Gangnam-gu,Nonhyeon1(il)-dong
SDOT001,OC3CL200159,roads_and_parks,Guro-gu,Oryu2(i)-dong
SDOT001,OC3CL200162,roads_and_parks,Seocho-gu,Bangbae3(sam)-dong
SDOT001,OC3CL200152,roads_and_parks,Eunpyeong-gu,Eungam3(sam)-dong
SDOT001,OC3CL200158,roads_and_parks,Gangdong-gu,Deungchon1(il)-dong
SDOT001,OC3CL200153,roads_and_parks,Jongno-gu,Sinjeong1(il)-dong
SDOT001,OC3CL200156,roads_and_parks,Gangnam-gu,Nonhyeon2(i)-dong
SDOT001,OC3CL200146,roads_and_parks,Seodaemun-gu,Hongje1(il)-dong
SDOT001,OC3CL200161,roads_and_parks,Dobong-gu,Dobong1(il)-dong
SDOT001,OC3CL200141,roads_and_parks,Gangnam-gu,Suseo-dong
SDOT001,OC3CL200151,roads_and_parks,Yangcheon-gu,Sinjeong3(sam)-dong
SDOT001,OC3CL200145,roads_and_parks,Dobong-gu,Chang3(sam)-dong
SDOT001,OC3CL200147,roads_and_parks,Seodaemun-gu,Hongje3(sam)-dong
SDOT001,OC3CL200142,roads_and_parks,Gwangjin-gu,Junggok3(sam)-dong
SDOT001,OC3CL200157,roads_and_parks,Gangnam-gu,Ilwon1(il)-dong
SDOT001,OC3CL200148,roads_and_parks,Seodaemun-gu,Hongeun2(i)-dong
SDOT001,OC3CL200150,roads_and_parks,Seodaemun-gu,Bukgajwa1(il)-dong
SDOT001,OC3CL200154,roads_and_parks,Jongno-gu,Pyeongchang-dong
SDOT001,OC3CL200177,residential_area,Gangseo-gu,Banghwa2(i)-dong
SDOT001,OC3CL200163,roads_and_parks,Seocho-gu,Yangjae1(il)-dong
SDOT001,OC3CL200169,roads_and_parks,Jungnang-gu,Sinnae1(il)-dong
SDOT001,OC3CL200165,roads_and_parks,Songpa-gu,Jangji-dong
SDOT001,OC3CL200126,roads_and_parks,Jung-gu,Sogong-dong
SDOT001,OC3CL200176,roads_and_parks,Gangnam-gu,Segok-dong
SDOT001,OC3CL200127,roads_and_parks,Jung-gu,Changsin1(il)-dong
SDOT001,OC3CL200174,roads_and_parks,Yeongdeungpo-gu,Dorim-dong
SDOT001,OC3CL200164,roads_and_parks,Seongdong-gu,Yongdap-dong
SDOT001,OC3CL200175,residential_area,Gangnam-gu,Gaepo4(sa)-dong
SDOT001,OC3CL200168,roads_and_parks,Eunpyeong-gu,Eungam1(il)-dong
SDOT001,OC3CL200171,roads_and_parks,Gangdong-gu,Godeok1(il)-dong
SDOT001,OC3CL200160,roads_and_parks,Nowon-gu,Sanggye6(yuk).7(chil)-d
SDOT001,OC3CL200172,roads_and_parks,Gangseo-gu,Hwagok8(pal)-dong
SDOT001,OC3CL200170,roads_and_parks,Gangnam-gu,Nonhyeon1(il)-dong
SDOT001,OC3CL200167,roads_and_parks,Yeongdeungpo-gu,Yangpyeong1(il)-dong
SDOT001,OC3CL200166,roads_and_parks,Yangcheon-gu,Sinjeong7(chil)-dong
SDOT001,OC3CL200144,roads_and_parks,Nowon-gu,Wolgye1(il)-dong
SDOT001,OC3CL200178,residential_area,Gangseo-gu,Banghwa1(il)-dong
SDOT001,OC3CL200173,roads_and_parks,Gwanak-gu,Jowon-dong
SDOT001,OC3CL200179,residential_area,Gangseo-gu,Gonghang-dong
SDOT001,OC3CL200188,residential_area,Gangseo-gu,Banghwa1(il)-dong
SDOT001,OC3CL200195,roads_and_parks,Dongdaemun-gu,Imun2(i)-dong
SDOT001,OC3CL200183,residential_area,Gangseo-gu,Yeomchang-dong
SDOT001,OC3CL200186,industrial_area,Gangseo-gu,Gayang1(il)-dong
SDOT001,OC3CL200193,residential_area,Guro-gu,Gu-ro3(sam)-dong
SDOT001,OC3CL200187,commercial_area,Gangseo-gu,Banghwa1(il)-dong
SDOT001,OC3CL200180,residential_area,Gangseo-gu,Gayang1(il)-dong
SDOT001,OC3CL200185,residential_area,Gangseo-gu,Yeomchang-dong
SDOT001,OC3CL200181,residential_area,Gangseo-gu,Gayang2(i)-dong
SDOT001,OC3CL200182,residential_area,Gangseo-gu,Yeomchang-dong
SDOT001,OC3CL200189,roads_and_parks,Gwanak-gu,Sinwon-dong
SDOT001,OC3CL200184,residential_area,Gangseo-gu,Deungchon2(i)-dong
SDOT001,OC3CL200191,residential_area,Guro-gu,Sugung-dong
SDOT001,OC3CL200197,roads_and_parks,Dongdaemun-gu,Cheongnyangni-dong
SDOT001,OC3CL200192,roads_and_parks,Guro-gu,Oryu2(i)-dong
SDOT001,OC3CL200196,residential_area,Dongdaemun-gu,Cheongnyangni-dong
SDOT001,OC3CL200194,roads_and_parks,Jongno-gu,Sajik-dong
SDOT001,OC3CL200198,residential_area,Seongbuk-gu,Wolgok2(i)-dong
SDOT001,OC3CL200190,roads_and_parks,Gwangjin-gu,Gwangjang-dong
SDOT001,OC3CL200217,residential_area,Seongdong-gu,Songjeong-dong
SDOT001,OC3CL200220,roads_and_parks,Jongno-gu,Ihwa-dong
SDOT001,OC3CL200219,roads_and_parks,Jongno-gu,Changsin1(il)-dong
SDOT001,OC3CL200200,residential_area,Seongbuk-gu,Jeongneung3(sam)-dong
SDOT001,OC3CL200199,industrial_area,Seongbuk-gu,Jongam-dong
SDOT001,OC3CL200209,commercial_area,Eunpyeong-gu,Jingwan-dong
SDOT001,OC3CL200208,commercial_area,Songpa-gu,Jangji-dong
SDOT001,OC3CL200221,roads_and_parks,Yongsan-gu,Hangang-ro-dong
SDOT001,OC3CL200215,residential_area,Seodaemun-gu,Hongje1(il)-dong
SDOT001,OC3CL200203,roads_and_parks,Jungnang-gu,Mangubon-dong
SDOT001,OC3CL200204,roads_and_parks,Eunpyeong-gu,Gusan-dong
SDOT001,OC3CL200214,residential_area,Seodaemun-gu,Hongje2(i)-dong
SDOT001,OC3CL200212,roads_and_parks,Jung-gu,Myeong-dong
SDOT001,OC3CL200216,residential_area,Seongdong-gu,Songjeong-dong
SDOT001,OC3CL200210,roads_and_parks,Jongno-gu,Jong-ro1(il).2(i).3(sam
SDOT001,OC3CL200213,roads_and_parks,Nowon-gu,Sanggye1(il)-dong
SDOT001,OC3CL200206,residential_area,Nowon-gu,Junggye1(il)-dong
SDOT001,OC3CL200207,commercial_area,Songpa-gu,Garak2(i)-dong
SDOT001,OC3CL200211,roads_and_parks,Jongno-gu,Jong-ro1(il).2(i).3(sam
SDOT001,OC3CL200218,residential_area,Seongdong-gu,Sageun-dong
SDOT001,OC3CL200224,residential_area,Seocho-gu,Banpobon-dong
SDOT001,OC3CL200223,residential_area,Seocho-gu,Banpobon-dong
SDOT001,OC3CL200241,roads_and_parks,Mapo-gu,Seongsan2(i)-dong
SDOT001,OC3CL200236,roads_and_parks,Seocho-gu,Yangjae2(i)-dong
SDOT001,OC3CL200229,public_facilities,Seodaemun-gu,Cheonyeon-dong
SDOT001,OC3CL200242,roads_and_parks,Mapo-gu,Mangwon1(il)-dong
SDOT001,OC3CL200225,roads_and_parks,Jungnang-gu,Muk2(i)-dong
SDOT001,OC3CL200237,roads_and_parks,Mapo-gu,Seongsan2(i)-dong
SDOT001,OC3CL200222,roads_and_parks,Seongbuk-gu,Seongbuk-dong
SDOT001,OC3CL200227,residential_area,Seongdong-gu,Sageun-dong
SDOT001,OC3CL200230,roads_and_parks,Gangseo-gu,Gayang1(il)-dong
SDOT001,OC3CL200239,roads_and_parks,Mapo-gu,Ahyeon-dong
SDOT001,OC3CL200228,traditional_markets,Seodaemun-gu,Hongje3(sam)-dong
SDOT001,OC3CL200244,roads_and_parks,Mapo-gu,Seongsan2(i)-dong
SDOT001,OC3CL200234,roads_and_parks,Mapo-gu,Sogang-dong
SDOT001,OC3CL200231,roads_and_parks,Mapo-gu,Seongsan2(i)-dong
SDOT001,OC3CL200235,roads_and_parks,Mapo-gu,Sangam-dong
SDOT001,OC3CL200240,roads_and_parks,Gangbuk-gu,Beon3(sam)-dong
SDOT001,OC3CL200233,roads_and_parks,Seocho-gu,Yangjae2(i)-dong
SDOT001,OC3CL200243,roads_and_parks,Mapo-gu,Yonggang-dong
SDOT001,OC3CL200247,residential_area,Jongno-gu,Gyonam-dong
SDOT001,OC3CL200246,roads_and_parks,Mapo-gu,Sinsu-dong
SDOT001,OC3CL200249,roads_and_parks,Gangbuk-gu,Beon3(sam)-dong
SDOT001,OC3CL210106,residential_area,Gangdong-gu,Cheonho2(i)-dong
SDOT001,OC3CL200245,residential_area,Dongdaemun-gu,Jeonnong2(i)-dong
SDOT001,OC3CL210101,residential_area,Gangdong-gu,Amsa1(il)-dong
SDOT001,OC3CL200253,residential_area,Yongsan-gu,Ichon1(il)-dong
SDOT001,OC3CL210102,residential_area,Gangdong-gu,Cheonho1(il)-dong
SDOT001,OC3CL200251,roads_and_parks,Mapo-gu,Seongsan2(i)-dong
SDOT001,OC3CL210108,commercial_area,Gangdong-gu,Dunchon1(il)-dong
SDOT001,OC3CL210100,residential_area,Gangdong-gu,Amsa1(il)-dong
SDOT001,OC3CL210104,residential_area,Gangdong-gu,Cheonho2(i)-dong
SDOT001,OC3CL210103,residential_area,Gangdong-gu,Cheonho2(i)-dong
SDOT001,OC3CL200254,roads_and_parks,Mapo-gu,Seogyo-dong
SDOT001,OC3CL210099,residential_area,Gangdong-gu,Amsa1(il)-dong
SDOT001,OC3CL200252,roads_and_parks,Mapo-gu,Sangam-dong
SDOT001,OC3CL210105,residential_area,Gangdong-gu,Cheonho2(i)-dong
SDOT001,OC3CL200248,roads_and_parks,Mapo-gu,Seongsan2(i)-dong
SDOT001,OC3CL210109,residential_area,Gangdong-gu,Cheonho2(i)-dong
SDOT001,OC3CL210112,residential_area,Gangdong-gu,Amsa1(il)-dong
SDOT001,OC3CL210110,residential_area,Gangdong-gu,Myeon-gil1(il)-dong
SDOT001,OC3KL240004,main_street,Eunpyeong-gu,Nokbeon-dong
SDOT001,OC3DL220001,residential_area,Eunpyeong-gu,Sinsa1(il)-dong
SDOT001,OC3CL210115,residential_area,Gangdong-gu,Seongnae3(sam)-dong
SDOT001,OC3CL210107,residential_area,Gangdong-gu,Seongnae1(il)-dong
SDOT001,OC3DL220022,residential_area,Gwangjin-gu,Junggok2(i)-dong
SDOT001,OC3CL200255,residential_area,Gwanak-gu,Daehak-dong
SDOT001,OC3CL210113,residential_area,Gangdong-gu,Amsa1(il)-dong
SDOT001,OC3CL210111,residential_area,Gangdong-gu,Cheonho2(i)-dong
SDOT001,OC3DL230025,residential_area,Jongno-gu,Gyonam-dong
SDOT001,OC3DL230026,residential_area,Jongno-gu,Gyonam-dong
SDOT001,OC3CL200257,roads_and_parks,Mapo-gu,Seongsan1(il)-dong
SDOT001,OC3CL200256,industrial_area,Seongdong-gu,Majang-dong
SDOT001,OC3DL220020,residential_area,Seongdong-gu,Geumho4(sa)-dong
SDOT001,OC3CL210114,residential_area,Gangdong-gu,Seongnae3(sam)-dong
SDOT001,OC3CL210300,residential_area,Jungnang-gu,Sinnae1(il)-dong
SDOT001,V02Q1940045,residential_area,Guro-gu,Gu-ro1(il)-dong
SDOT001,OC3DL230027,residential_area,Jongno-gu,Muak-dong
SDOT001,V02Q1940052,residential_area,Guro-gu,Gu-ro3(sam)-dong
SDOT001,V02Q1940055,residential_area,Guro-gu,Gu-ro5(o)-dong
SDOT001,V02Q1940053,residential_area,Jung-gu,Sogong-dong
SDOT001,OC3KL240005,main_street,Eunpyeong-gu,Nokbeon-dong
SDOT001,V02Q1940051,residential_area,Guro-gu,Gaebong3(sam)-dong
SDOT001,V02Q1940047,residential_area,Guro-gu,Garibong-dong
SDOT001,OC3KL240006,main_street,Eunpyeong-gu,Daejo-dong
SDOT001,V02Q1940059,residential_area,Gangnam-gu,Gaepo2(i)-dong
SDOT001,V02Q1940054,residential_area,Guro-gu,Gaebong2(i)-dong
SDOT001,V02Q1940058,residential_area,Dongdaemun-gu,Jeonnong2(i)-dong
SDOT001,V02Q1940043,residential_area,Guro-gu,Gu-ro2(i)-dong
SDOT001,V02Q1940050,residential_area,Guro-gu,Gaebong1(il)-dong
SDOT001,V02Q1940046,residential_area,Guro-gu,Sugung-dong
SDOT001,V02Q1940057,industrial_area,Guro-gu,Gaebong1(il)-dong
SDOT001,V02Q1940056,residential_area,Guro-gu,Oryu2(i)-dong
SDOT001,V02Q1940060,residential_area,Gangnam-gu,Ilwonbon-dong
SDOT001,V02Q1940044,residential_area,Guro-gu,Gu-ro2(i)-dong
SDOT001,V02Q1940049,residential_area,Dongdaemun-gu,Yongshin-dong
SDOT001,V02Q1940062,residential_area,Gangseo-gu,Hwagok1(il)-dong
SDOT001,V02Q1940079,residential_area,Gangnam-gu,Ilwon1(il)-dong
SDOT001,V02Q1940067,residential_area,Seocho-gu,Naegok-dong
SDOT001,V02Q1940061,industrial_area,Guro-gu,Gu-ro2(i)-dong
SDOT001,V02Q1940071,residential_area,Yangcheon-gu,Sinwol3(sam)-dong
SDOT001,V02Q1940065,residential_area,Guro-gu,Gocheok2(i)-dong
SDOT001,V02Q1940063,residential_area,Gangnam-gu,Samseong1(il)-dong
SDOT001,V02Q1940068,residential_area,Seocho-gu,Bangbae4(sa)-dong
SDOT001,V02Q1940070,residential_area,Guro-gu,Hang-dong
SDOT001,V02Q1940074,residential_area,Yeongdeungpo-gu,Dangsan1(il)-dong
SDOT001,V02Q1940066,residential_area,Gangseo-gu,Gayang1(il)-dong
SDOT001,V02Q1940072,residential_area,Gangseo-gu,Hwagok6(yuk)-dong
SDOT001,V02Q1940064,residential_area,Seongbuk-gu,Jangwi2(i)-dong
SDOT001,V02Q1940069,residential_area,Gangseo-gu,Yeomchang-dong
SDOT001,V02Q1940073,commercial_area,Guro-gu,Gu-ro2(i)-dong
SDOT001,V02Q1940077,residential_area,Yeongdeungpo-gu,Daerim3(sam)-dong
SDOT001,V02Q1940081,residential_area,Dongdaemun-gu,Dapsip-ri1(il)-dong
SDOT001,V02Q1940076,traditional_markets,Nowon-gu,Gongneung1(il)-dong
SDOT001,V02Q1940084,residential_area,Dongdaemun-gu,Jeonnong2(i)-dong
SDOT001,V02Q1940075,residential_area,Nowon-gu,Sanggye8(pal)-dong
SDOT001,V02Q1940100,industrial_area,Gangnam-gu,Ilwon1(il)-dong
SDOT001,V02Q1940092,residential_area,Dongdaemun-gu,Dapsip-ri2(i)-dong
SDOT001,V02Q1940094,residential_area,Gangnam-gu,Segok-dong
SDOT001,V02Q1940103,industrial_area,Gangseo-gu,Banghwa3(sam)-dong
SDOT001,V02Q1940104,residential_area,Gangseo-gu,Deungchon1(il)-dong
SDOT001,V02Q1940089,residential_area,Dongdaemun-gu,Hoegi-dong
SDOT001,V02Q1940085,residential_area,Dongdaemun-gu,Jangan1(il)-dong
SDOT001,V02Q1940086,residential_area,Guro-gu,Gocheok1(il)-dong
SDOT001,V02Q1940101,residential_area,Dongdaemun-gu,Yongshin-dong
SDOT001,V02Q1940102,residential_area,Gangnam-gu,Ilwonbon-dong
SDOT001,V02Q1940082,industrial_area,Gangnam-gu,Ilwon1(il)-dong
SDOT001,V02Q1940083,residential_area,Guro-gu,Gaebong2(i)-dong
SDOT001,V02Q1940099,residential_area,Dongdaemun-gu,Hwigyeong1(il)-dong
SDOT001,V02Q1940093,industrial_area,Gangseo-gu,Banghwa3(sam)-dong
SDOT001,V02Q1940096,commercial_area,Dongdaemun-gu,Jangan1(il)-dong
SDOT001,V02Q1940090,industrial_area,Guro-gu,Sugung-dong
SDOT001,V02Q1940091,residential_area,Dobong-gu,Chang5-dong
SDOT001,V02Q1940088,commercial_area,Dongdaemun-gu,Dapsip-ri1(il)-dong
SDOT001,V02Q1940097,residential_area,Dongdaemun-gu,Hwigyeong2(i)-dong
SDOT001,V02Q1940095,residential_area,Yangcheon-gu,Mok4(sa)-dong
SDOT001,V02Q1940119,residential_area,Dongdaemun-gu,Jangan2(i)-dong
SDOT001,V02Q1940116,commercial_area,Dongdaemun-gu,Yongshin-dong
SDOT001,V02Q1940109,residential_area,Dongdaemun-gu,Hwigyeong2(i)-dong
SDOT001,V02Q1940123,residential_area,Gangnam-gu,Daechi1(il)-dong
SDOT001,V02Q1940114,residential_area,Gangseo-gu,Gayang1(il)-dong
SDOT001,V02Q1940105,residential_area,Gangseo-gu,Banghwa1(il)-dong
SDOT001,V02Q1940113,residential_area,Gangseo-gu,Yeomchang-dong
SDOT001,V02Q1940120,residential_area,Dongdaemun-gu,Jangan2(i)-dong
SDOT001,V02Q1940107,residential_area,Gangbuk-gu,Samyang-dong
SDOT001,V02Q1940115,residential_area,Dongdaemun-gu,Imun1(il)-dong
SDOT001,V02Q1940122,residential_area,Dongdaemun-gu,Cheongnyangni-dong
SDOT001,V02Q1940111,residential_area,Guro-gu,Sindorim-dong
SDOT001,V02Q1940124,residential_area,Gangseo-gu,Balsan1(il)-dong
SDOT001,V02Q1940112,residential_area,Seongdong-gu,Songjeong-dong
SDOT001,V02Q1940125,residential_area,Gangseo-gu,Banghwa2(i)-dong
SDOT001,V02Q1940118,residential_area,Dongdaemun-gu,Jegi-dong
SDOT001,V02Q1940106,residential_area,Dongdaemun-gu,Jeonnong1(il)-dong
SDOT001,V02Q1940108,residential_area,Dongdaemun-gu,Imun2(i)-dong
SDOT001,V02Q1940110,residential_area,Yeongdeungpo-gu,Yeouido-dong
SDOT001,V02Q1940117,traditional_markets,Songpa-gu,Jamsilbon-dong
SDOT001,V02Q1940131,residential_area,Seongbuk-gu,Dongseon-dong
SDOT001,V02Q1940132,residential_area,Nowon-gu,Hagye1(il)-dong
SDOT001,V02Q1940129,residential_area,Gangnam-gu,Ilwon2(i)-dong
SDOT001,V02Q1940139,residential_area,Eunpyeong-gu,Jingwan-dong
SDOT001,V02Q1940130,residential_area,Gangseo-gu,Gayang3(sam)-dong
SDOT001,V02Q1940137,residential_area,Gangbuk-gu,Mia-dong
SDOT001,V02Q1940143,residential_area,Seongbuk-gu,Wolgok2(i)-dong
SDOT001,V02Q1940136,traditional_markets,Guro-gu,Gu-ro4(sa)-dong
SDOT001,V02Q1940145,residential_area,Gangnam-gu,Nonhyeon1(il)-dong
SDOT001,V02Q1940138,roads_and_parks,Seodaemun-gu,Sinchon-dong
SDOT001,V02Q1940142,traditional_markets,Gangdong-gu,Amsa1(il)-dong
SDOT001,V02Q1940128,residential_area,Nowon-gu,Sanggye3(sam).4(sa)-don
SDOT001,V02Q1940127,residential_area,Yeongdeungpo-gu,Daerim2(i)-dong
SDOT001,V02Q1940135,industrial_area,Dobong-gu,Dobong1(il)-dong
SDOT001,V02Q1940141,residential_area,Seocho-gu,Banpo4(sa)-dong
SDOT001,V02Q1940134,residential_area,Gwangjin-gu,Gunja-dong
SDOT001,V02Q1940146,residential_area,Nowon-gu,Sanggye5(o)-dong
SDOT001,V02Q1940126,residential_area,Gangseo-gu,Banghwa3(sam)-dong
SDOT001,V02Q1940133,residential_area,Yeongdeungpo-gu,Yangpyeong2(i)-dong
SDOT001,V02Q1940140,traditional_markets,Guro-gu,Gocheok2(i)-dong
SDOT001,V02Q1940147,residential_area,Seongbuk-gu,Seokgwan-dong
SDOT001,V02Q1940151,roads_and_parks,Nowon-gu,Sanggye1(il)-dong
SDOT001,V02Q1940167,residential_area,Gangseo-gu,Hwagok8(pal)-dong
SDOT001,V02Q1940152,residential_area,Gangnam-gu,Yeoksam1(il)-dong
SDOT001,V02Q1940148,residential_area,Seocho-gu,Banpobon-dong
SDOT001,V02Q1940163,residential_area,Gangseo-gu,Gonghang-dong
SDOT001,V02Q1940161,residential_area,Gangnam-gu,Apgujeong-dong
SDOT001,V02Q1940156,residential_area,Seongdong-gu,Majang-dong
SDOT001,V02Q1940153,roads_and_parks,Nowon-gu,Sanggye1(il)-dong
SDOT001,V02Q1940164,traditional_markets,Gangnam-gu,Gaepo2(i)-dong
SDOT001,V02Q1940150,industrial_area,Nowon-gu,Sanggye6(yuk).7(chil)-d
SDOT001,V02Q1940159,residential_area,Jungnang-gu,Junghwa2(i)-dong
SDOT001,V02Q1940160,residential_area,Gangbuk-gu,Ui-dong
SDOT001,V02Q1940149,residential_area,Gangnam-gu,Dogok2(i)-dong
SDOT001,V02Q1940155,residential_area,Nowon-gu,Wolgye2(i)-dong
SDOT001,V02Q1940162,residential_area,Gangseo-gu,Hwagok1(il)-dong
SDOT001,V02Q1940168,residential_area,Yeongdeungpo-gu,Munllae-dong
SDOT001,V02Q1940166,residential_area,Gangseo-gu,Deungchon3(sam)-dong
SDOT001,V02Q1940169,residential_area,Yeongdeungpo-gu,Daerim2(i)-dong
SDOT001,V02Q1940157,residential_area,Nowon-gu,Hagye2(i)-dong
SDOT001,V02Q1940173,residential_area,Gangseo-gu,Hwagok4(sa)-dong
SDOT001,V02Q1940181,industrial_area,Gangseo-gu,Hwagok1(il)-dong
SDOT001,V02Q1940172,roads_and_parks,Jungnang-gu,Myeonmok4(sa)-dong
SDOT001,V02Q1940182,residential_area,Gangseo-gu,Hwagok2(i)-dong
SDOT001,V02Q1940176,residential_area,Yeongdeungpo-gu,Sin-gil7(chil)-dong
SDOT001,V02Q1940177,residential_area,Gangnam-gu,Daechi4(sa)-dong
SDOT001,V02Q1940190,roads_and_parks,Dongjak-gu,Sadang2(i)-dong
SDOT001,V02Q1940183,residential_area,Nowon-gu,Junggyebon-dong
SDOT001,V02Q1940171,residential_area,Yeongdeungpo-gu,Dangsan2(i)-dong
SDOT001,V02Q1940180,residential_area,Gangseo-gu,Deungchon2(i)-dong
SDOT001,V02Q1940175,residential_area,Gangnam-gu,Cheongdam-dong
SDOT001,V02Q1940192,residential_area,Gangnam-gu,Cheongdam-dong
SDOT001,V02Q1940170,commercial_area,Yeongdeungpo-gu,Dangsan1(il)-dong
SDOT001,V02Q1940187,residential_area,Gangseo-gu,Hwagok6(yuk)-dong
SDOT001,V02Q1940179,residential_area,Gangseo-gu,Hwagokbon-dong
SDOT001,V02Q1940191,residential_area,Jungnang-gu,Myeonmok5(o)-dong
SDOT001,V02Q1940184,residential_area,Yeongdeungpo-gu,Yangpyeong2(i)-dong
SDOT001,V02Q1940174,residential_area,Yeongdeungpo-gu,Yeongdeungpo-dong
SDOT001,V02Q1940189,residential_area,Gangseo-gu,Hwagokbon-dong
SDOT001,V02Q1940185,residential_area,Yeongdeungpo-gu,Munllae-dong
SDOT001,V02Q1940216,residential_area,Nowon-gu,Sanggye6(yuk).7(chil)-d
SDOT001,V02Q1940208,residential_area,Eunpyeong-gu,Bulgwang1(il)-dong
SDOT001,V02Q1940197,residential_area,Yeongdeungpo-gu,Sin-gil3(sam)-dong
SDOT001,V02Q1940194,residential_area,Dongjak-gu,Sadang1(il)-dong
SDOT001,V02Q1940209,residential_area,Gwangjin-gu,Junggok4(sa)-dong
SDOT001,V02Q1940202,residential_area,Gwangjin-gu,Junggok1(il)-dong
SDOT001,V02Q1940207,residential_area,Gangbuk-gu,Samgaksan-dong
SDOT001,V02Q1940217,industrial_area,Yeongdeungpo-gu,Sin-gil7(chil)-dong
SDOT001,V02Q1940205,residential_area,Dobong-gu,Ssangmun2(i)-dong
SDOT001,V02Q1940199,residential_area,Yeongdeungpo-gu,Yeongdeungpo-dong
SDOT001,V02Q1940210,residential_area,Nowon-gu,Junggye4(sa)-dong
SDOT001,V02Q1940203,residential_area,Dobong-gu,Banghak2(i)-dong
SDOT001,V02Q1940204,residential_area,Gwangjin-gu,Hwayang-dong
SDOT001,V02Q1940193,residential_area,Gangseo-gu,Hwagok8(pal)-dong
SDOT001,V02Q1940215,residential_area,Nowon-gu,Gongneung2(i)-dong
SDOT001,V02Q1940196,residential_area,Yeongdeungpo-gu,Sin-gil1(il)-dong
SDOT001,V02Q1940206,residential_area,Seongbuk-gu,Wolgok1(il)-dong
SDOT001,V02Q1940218,residential_area,Jungnang-gu,Muk2(i)-dong
SDOT001,V02Q1940198,residential_area,Yeongdeungpo-gu,Sin-gil6(yuk)-dong
SDOT001,V02Q1940201,residential_area,Seocho-gu,Seocho3(sam)-dong
SDOT001,V02Q1940220,public_facilities,Geumcheon-gu,Siheung2(i)-dong
SDOT001,V02Q1940235,residential_area,Jungnang-gu,Muk2(i)-dong
SDOT001,V02Q1940243,residential_area,Jungnang-gu,Sangbong2(i)-dong
SDOT001,V02Q1940223,residential_area,Yeongdeungpo-gu,Sin-gil7(chil)-dong
SDOT001,V02Q1940222,commercial_area,Yeongdeungpo-gu,Yeongdeungpo-dong
SDOT001,V02Q1940219,industrial_area,Yeongdeungpo-gu,Munllae-dong
SDOT001,V02Q1940231,commercial_area,Jungnang-gu,Sangbong2(i)-dong
SDOT001,V02Q1940241,residential_area,Jungnang-gu,Sangbong1(il)-dong
SDOT001,V02Q1940226,commercial_area,Nowon-gu,Wolgye1(il)-dong
SDOT001,V02Q1940233,residential_area,Jungnang-gu,Muk1(il)-dong
SDOT001,V02Q1940237,residential_area,Jungnang-gu,Sinnae1(il)-dong
SDOT001,V02Q1940232,residential_area,Jongno-gu,Samcheong-dong
SDOT001,V02Q1940234,residential_area,Nowon-gu,Sanggye2(i)-dong
SDOT001,V02Q1940224,roads_and_parks,Gangnam-gu,Yeoksam1(il)-dong
SDOT001,V02Q1940221,commercial_area,Yeongdeungpo-gu,Yeongdeungpo-dong
SDOT001,V02Q1940239,residential_area,Gangnam-gu,Daechi1(il)-dong
SDOT001,V02Q1940242,residential_area,Dobong-gu,Chang3(sam)-dong
SDOT001,V02Q1940225,residential_area,Jungnang-gu,Myeonmokbon-dong
SDOT001,V02Q1940240,residential_area,Yangcheon-gu,Sinwol1(il)-dong
SDOT001,V02Q1940238,residential_area,Nowon-gu,Sanggye9(gu)-dong
SDOT001,V02Q1940255,commercial_area,Jungnang-gu,Myeonmok3(sam).8(pal)-d
SDOT001,V02Q1940253,roads_and_parks,Gangbuk-gu,Ui-dong
SDOT001,V02Q1940263,residential_area,Seongdong-gu,Yongdap-dong
SDOT001,V02Q1940258,residential_area,Seongdong-gu,Wangsimni2(i)-dong
SDOT001,V02Q1940254,residential_area,Jungnang-gu,Sinnae2(i)-dong
SDOT001,V02Q1940262,residential_area,Gwanak-gu,Jungang-dong
SDOT001,V02Q1940248,residential_area,Jungnang-gu,Mangubon-dong
SDOT001,V02Q1940264,residential_area,Dobong-gu,Dobong2(i)-dong
SDOT001,V02Q1940251,residential_area,Yeongdeungpo-gu,Yangpyeong1(il)-dong
SDOT001,V02Q1940245,industrial_area,Nowon-gu,Sanggye1(il)-dong
SDOT001,V02Q1940256,industrial_area,Yeongdeungpo-gu,Sin-gil7(chil)-dong
SDOT001,V02Q1940252,residential_area,Jungnang-gu,Myeonmok4(sa)-dong
SDOT001,V02Q1940247,public_facilities,Geumcheon-gu,Doksan4(sa)-dong
SDOT001,V02Q1940244,industrial_area,Yeongdeungpo-gu,Yangpyeong2(i)-dong
SDOT001,V02Q1940260,residential_area,Gwanak-gu,Daehak-dong
SDOT001,V02Q1940261,residential_area,Seongdong-gu,Seongsu1ga2(i)-dong
SDOT001,V02Q1940250,residential_area,Jungnang-gu,Myeonmok2(i)-dong
SDOT001,V02Q1940249,residential_area,Seocho-gu,Bangbae3(sam)-dong
SDOT001,V02Q1940246,residential_area,Gangnam-gu,Ilwon2(i)-dong
SDOT001,V02Q1940257,industrial_area,Nowon-gu,Hagye2(i)-dong
SDOT001,V02Q1940268,residential_area,Seocho-gu,Banpo2(i)-dong
SDOT001,V02Q1940267,residential_area,Nowon-gu,Junggyebon-dong
SDOT001,V02Q1940273,residential_area,Gangnam-gu,Nonhyeon2(i)-dong
SDOT001,V02Q1940266,residential_area,Nowon-gu,Gongneung1(il)-dong
SDOT001,V02Q1940277,residential_area,Jungnang-gu,Man-gu3(sam)-dong
SDOT001,V02Q1940265,residential_area,Dobong-gu,Chang2(i)-dong
SDOT001,V02Q1940275,residential_area,Nowon-gu,Sanggye1(il)-dong
SDOT001,V02Q1940278,residential_area,Dongjak-gu,Noryangjin1(il)-dong
SDOT001,V02Q1940287,residential_area,Yangcheon-gu,Sinwol3(sam)-dong
SDOT001,V02Q1940276,residential_area,Seongbuk-gu,Anam-dong
SDOT001,V02Q1940272,residential_area,Gwanak-gu,Haengun-dong
SDOT001,V02Q1940289,residential_area,Dongjak-gu,Sadang3(sam)-dong
SDOT001,V02Q1940286,residential_area,Seongdong-gu,Wangsimni2(i)-dong
SDOT001,V02Q1940284,residential_area,Seongbuk-gu,Samseon-dong
SDOT001,V02Q1940280,residential_area,Gwangjin-gu,Junggok2(i)-dong
SDOT001,V02Q1940271,industrial_area,Gangdong-gu,Gangil-dong
SDOT001,V02Q1940269,residential_area,Gwanak-gu,Samseong-dong
SDOT001,V02Q1940281,residential_area,Nowon-gu,Sanggye10(sip)-dong
SDOT001,V02Q1940259,residential_area,Yangcheon-gu,Mok4(sa)-dong
SDOT001,V02Q1940270,residential_area,Seongdong-gu,Seongsu1ga2(i)-dong
SDOT001,V02Q1940290,residential_area,Nowon-gu,Wolgye1(il)-dong
SDOT001,V02Q1940301,traditional_markets,Dongjak-gu,Sadang2(i)-dong
SDOT001,V02Q1940291,residential_area,Nowon-gu,Wolgye3(sam)-dong
SDOT001,V02Q1940305,residential_area,Gwangjin-gu,Neung-dong
SDOT001,V02Q1940307,residential_area,Jungnang-gu,Myeonmok3(sam).8(pal)-d
SDOT001,V02Q1940294,residential_area,Gwangjin-gu,Guui2(i)-dong
SDOT001,V02Q1940293,residential_area,Gangnam-gu,Gaepo4(sa)-dong
SDOT001,V02Q1940296,industrial_area,Dongjak-gu,Daebang-dong
SDOT001,V02Q1940312,residential_area,Yangcheon-gu,Sinjeong4(sa)-dong
SDOT001,V02Q1940304,residential_area,Dongjak-gu,Sang-do1(il)-dong
SDOT001,V02Q1940297,residential_area,Dongjak-gu,Sadang2(i)-dong
SDOT001,V02Q1940300,residential_area,Gangbuk-gu,Suyu2(i)-dong
SDOT001,V02Q1940308,residential_area,Seocho-gu,Bangbaebon-dong
SDOT001,V02Q1940298,roads_and_parks,Nowon-gu,Sanggye1(il)-dong
SDOT001,V02Q1940309,residential_area,Gangnam-gu,Yeoksam2(i)-dong
SDOT001,V02Q1940299,residential_area,Nowon-gu,Gongneung2(i)-dong
SDOT001,V02Q1940302,roads_and_parks,Jung-gu,Jong-ro1(il).2(i).3(sam
SDOT001,V02Q1940306,residential_area,Gangdong-gu,Cheonho2(i)-dong
SDOT001,V02Q1940292,roads_and_parks,Dongjak-gu,Sadang2(i)-dong
SDOT001,V02Q1940310,residential_area,Seocho-gu,Bangbae2(i)-dong
SDOT001,V02Q1940313,residential_area,Gangnam-gu,Ilwonbon-dong
SDOT001,V02Q1940335,residential_area,Seongbuk-gu,Wolgok1(il)-dong
SDOT001,V02Q1940323,residential_area,Dobong-gu,Chang1(il)-dong
SDOT001,V02Q1940320,residential_area,Dobong-gu,Ssangmun1(il)-dong
SDOT001,V02Q1940314,residential_area,Gangbuk-gu,Songcheon-dong
SDOT001,V02Q1940327,residential_area,Gwangjin-gu,Guui1(il)-dong
SDOT001,V02Q1940319,residential_area,Dongjak-gu,Sang-do4(sa)-dong
SDOT001,V02Q1940328,residential_area,Seongbuk-gu,Donam1(il)-dong
SDOT001,V02Q1940324,residential_area,Dobong-gu,Ssangmun4(sa)-dong
SDOT001,V02Q1940329,residential_area,Dobong-gu,Dobong1(il)-dong
SDOT001,V02Q1940316,residential_area,Dongjak-gu,Sang-do2(i)-dong
SDOT001,V02Q1940330,residential_area,Gangbuk-gu,Samyang-dong
SDOT001,V02Q1940336,residential_area,Eunpyeong-gu,Gusan-dong
SDOT001,V02Q1940317,residential_area,Eunpyeong-gu,Nokbeon-dong
SDOT001,V02Q1940326,residential_area,Eunpyeong-gu,Daejo-dong
SDOT001,V02Q1940325,residential_area,Dobong-gu,Dobong1(il)-dong
SDOT001,V02Q1940322,residential_area,Seongbuk-gu,Jongam-dong
SDOT001,V02Q1940333,residential_area,Eunpyeong-gu,Bulgwang2(i)-dong
SDOT001,V02Q1940332,residential_area,Eunpyeong-gu,Sinsa1(il)-dong
SDOT001,V02Q1940334,residential_area,Dobong-gu,Banghak1(il)-dong
SDOT001,V02Q1940337,residential_area,Eunpyeong-gu,Eungam1(il)-dong
SDOT001,V02Q1940346,traditional_markets,Gangseo-gu,Hwagok1(il)-dong
SDOT001,V02Q1940340,commercial_area,Gangbuk-gu,Mia-dong
SDOT001,V02Q1940339,residential_area,Eunpyeong-gu,Galhyeon1(il)-dong
SDOT001,V02Q1940338,residential_area,Dobong-gu,Banghak3(sam)-dong
SDOT001,V02Q1940351,residential_area,Seongbuk-gu,Seongbuk-dong
SDOT001,V02Q1940357,residential_area,Dongjak-gu,Heukseok-dong
SDOT001,V02Q1940342,residential_area,Dobong-gu,Ssangmun3(sam)-dong
SDOT001,V02Q1940344,residential_area,Seongbuk-gu,Gileum2(i)-dong
SDOT001,V02Q1940341,residential_area,Eunpyeong-gu,Yeokchon-dong
SDOT001,V02Q1940345,commercial_area,Dobong-gu,Chang1(il)-dong
SDOT001,V02Q1940359,residential_area,Gangdong-gu,Myeon-gil1(il)-dong
SDOT001,V02Q1940350,roads_and_parks,Gangdong-gu,Godeok1(il)-dong
SDOT001,V02Q1940355,residential_area,Gangdong-gu,Godeok2(i)-dong
SDOT001,V02Q1940347,residential_area,Eunpyeong-gu,Jeungsan-dong
SDOT001,V02Q1940352,residential_area,Gangdong-gu,Sangil-dong
SDOT001,V02Q1940349,residential_area,Gangdong-gu,Cheonho3(sam)-dong
SDOT001,V02Q1940348,industrial_area,Seocho-gu,Yangjae1(il)-dong
SDOT001,V02Q1940358,residential_area,Eunpyeong-gu,Jingwan-dong
SDOT001,V02Q1940353,residential_area,Gangdong-gu,Myeon-gil2(i)-dong
SDOT001,V02Q1940362,commercial_area,Seongbuk-gu,Gileum1(il)-dong
SDOT001,V02Q1940361,residential_area,Seongbuk-gu,Donam2(i)-dong
SDOT001,V02Q1940360,residential_area,Gangdong-gu,Godeok1(il)-dong
SDOT001,V02Q1940369,residential_area,Geumcheon-gu,Doksan3(sam)-dong
SDOT001,V02Q1940380,residential_area,Seocho-gu,Yangjae2(i)-dong
SDOT001,V02Q1940381,residential_area,Seongbuk-gu,Jeongneung1(il)-dong
SDOT001,V02Q1940382,residential_area,Dongjak-gu,Sadang4(sa)-dong
SDOT001,V02Q1940370,residential_area,Eunpyeong-gu,Bulgwang1(il)-dong
SDOT001,V02Q1940372,industrial_area,Gangdong-gu,Amsa2(i)-dong
SDOT001,V02Q1940363,residential_area,Seodaemun-gu,Hongeun2(i)-dong
SDOT001,V02Q1940368,residential_area,Seocho-gu,Yangjae1(il)-dong
SDOT001,V02Q1940375,commercial_area,Dongjak-gu,Sindaebang2(i)-dong
SDOT001,V02Q1940371,residential_area,Gwangjin-gu,Gwangjang-dong
SDOT001,V02Q1940377,residential_area,Eunpyeong-gu,Eungam2(i)-dong
SDOT001,V02Q1940288,residential_area,Mapo-gu,Sinsu-dong
SDOT001,V02Q1940374,roads_and_parks,Geumcheon-gu,Doksan1(il)-dong
SDOT001,V02Q1940378,residential_area,Gangbuk-gu,Suyu1(il)-dong
SDOT001,V02Q1940379,residential_area,Seongbuk-gu,Jangwi1(il)-dong
SDOT001,V02Q1940364,residential_area,Yangcheon-gu,Sinjeong6(yuk)-dong
SDOT001,V02Q1940383,residential_area,Gwangjin-gu,Jayang4(sa)-dong
SDOT001,V02Q1940387,commercial_area,Gwangjin-gu,Hwayang-dong
SDOT001,V02Q1940393,residential_area,Gwangjin-gu,Jayang3(sam)-dong
SDOT001,V02Q1940385,residential_area,Seodaemun-gu,Bukgajwa1(il)-dong
SDOT001,V02Q1940388,residential_area,Seongbuk-gu,Jeongneung2(i)-dong
SDOT001,V02Q1940392,residential_area,Gwangjin-gu,Guui3(sam)-dong
SDOT001,V02Q1940384,residential_area,Dongjak-gu,Sadang3(sam)-dong
SDOT001,V02Q1940395,residential_area,Yangcheon-gu,Sinwol5(o)-dong
SDOT001,V02Q1940396,industrial_area,Seocho-gu,Seocho3(sam)-dong
SDOT001,V02Q1940390,industrial_area,Dobong-gu,Chang4(sa)-dong
SDOT001,V02Q1940400,residential_area,Seocho-gu,Seocho1(il)-dong
SDOT001,V02Q1940386,residential_area,Gangbuk-gu,Songjung-dong
SDOT001,V02Q1940391,residential_area,Gwangjin-gu,Jayang2(i)-dong
SDOT001,V02Q1940402,residential_area,Seocho-gu,Seocho2(i)-dong
SDOT001,V02Q1940397,residential_area,Dongjak-gu,Sadang5(o)-dong
SDOT001,V02Q1940394,residential_area,Gangbuk-gu,Beon2(i)-dong
SDOT001,V02Q1940403,residential_area,Gwangjin-gu,Jayang1(il)-dong
SDOT001,V02Q1940399,residential_area,Seocho-gu,Seocho3(sam)-dong
SDOT001,V02Q1940401,residential_area,Seongbuk-gu,Jeongneung4(sa)-dong
SDOT001,V02Q1940389,residential_area,Dongjak-gu,Sindaebang2(i)-dong
SDOT001,V02Q1940404,residential_area,Dobong-gu,Chang4(sa)-dong
SDOT001,V02Q1940406,residential_area,Seongbuk-gu,Jeongneung3(sam)-dong
SDOT001,V02Q1940405,industrial_area,Geumcheon-gu,Doksan1(il)-dong
SDOT001,V02Q1940408,residential_area,Gangdong-gu,Amsa2(i)-dong
SDOT001,V02Q1940412,residential_area,Seodaemun-gu,Hongeun1(il)-dong
SDOT001,V02Q1940421,residential_area,Gangdong-gu,Gangil-dong
SDOT001,V02Q1940411,residential_area,Gwangjin-gu,Guui3(sam)-dong
SDOT001,V02Q1940409,residential_area,Gangbuk-gu,Suyu3(sam)-dong
SDOT001,V02Q1940419,residential_area,Seongbuk-gu,Donam1(il)-dong
SDOT001,V02Q1940407,residential_area,Geumcheon-gu,Doksan1(il)-dong
SDOT001,V02Q1940418,residential_area,Seongbuk-gu,Gileum1(il)-dong
SDOT001,V02Q1940413,residential_area,Yangcheon-gu,Sinwol2(i)-dong
SDOT001,V02Q1940416,residential_area,Gwangjin-gu,Guui2(i)-dong
SDOT001,V02Q1940415,residential_area,Seongbuk-gu,Wolgok1(il)-dong
SDOT001,V02Q1940422,residential_area,Seodaemun-gu,Sinchon-dong
SDOT001,V02Q1940417,residential_area,Gangdong-gu,Seongnae3(sam)-dong
SDOT001,V02Q1940414,residential_area,Gangbuk-gu,Beon3(sam)-dong
SDOT001,V02Q1940424,residential_area,Yangcheon-gu,Sinjeong7(chil)-dong
SDOT001,V02Q1940423,commercial_area,Seocho-gu,Bangbae2(i)-dong
SDOT001,V02Q1940420,residential_area,Dongjak-gu,Sang-do3(sam)-dong
SDOT001,V02Q1940425,residential_area,Gwanak-gu,Sinllim-dong
SDOT001,V02Q1940436,residential_area,Jung-gu,Hoehyeon-dong
SDOT001,V02Q1940427,residential_area,Seocho-gu,Seocho4(sa)-dong
SDOT001,V02Q1940429,residential_area,Gangbuk-gu,Insu-dong
SDOT001,V02Q1940431,residential_area,Gangbuk-gu,Beon1(il)-dong
SDOT001,V02Q1940440,residential_area,Gwanak-gu,Sinwon-dong
SDOT001,V02Q1940445,residential_area,Gwanak-gu,Seowon-dong
SDOT001,V02Q1940428,residential_area,Geumcheon-gu,Gasan-dong
SDOT001,V02Q1940430,residential_area,Gangdong-gu,Seongnae2(i)-dong
SDOT001,V02Q1940446,commercial_area,Gwanak-gu,Nakseongdae-dong
SDOT001,V02Q1940439,residential_area,Mapo-gu,Seongsan1(il)-dong
SDOT001,V02Q1940433,roads_and_parks,Seocho-gu,Seocho3(sam)-dong
SDOT001,V02Q1940438,roads_and_parks,Jung-gu,Jong-ro1(il).2(i).3(sam
SDOT001,V02Q1940443,residential_area,Yangcheon-gu,Sinjeong2(i)-dong
SDOT001,V02Q1940444,residential_area,Gwanak-gu,Boramae-dong
SDOT001,V02Q1940441,residential_area,Seongdong-gu,Haengdang1(il)-dong
SDOT001,V02Q1940426,residential_area,Mapo-gu,Seongsan2(i)-dong
SDOT001,V02Q1940435,residential_area,Eunpyeong-gu,Susaek-dong
SDOT001,V02Q1940432,residential_area,Dongjak-gu,Sindaebang1(il)-dong
SDOT001,V02Q1940437,residential_area,Gangdong-gu,Amsa1(il)-dong
SDOT001,V02Q1940447,residential_area,Yangcheon-gu,Sinwol7(chil)-dong
SDOT001,V02Q1940459,residential_area,Mapo-gu,Seongsan1(il)-dong
SDOT001,V02Q1940448,traditional_markets,Gangbuk-gu,Mia-dong
SDOT001,V02Q1940450,residential_area,Mapo-gu,Yeonnam-dong
SDOT001,V02Q1940449,traditional_markets,Mapo-gu,Mangwon1(il)-dong
SDOT001,V02Q1940460,residential_area,Seongdong-gu,Seongsu1ga2(i)-dong
SDOT001,V02Q1940463,residential_area,Seodaemun-gu,Bukgajwa2(i)-dong
SDOT001,V02Q1940462,industrial_area,Gwanak-gu,Sinllim-dong
SDOT001,V02Q1940465,residential_area,Gwanak-gu,Daehak-dong
SDOT001,V02Q1940456,residential_area,Mapo-gu,Yonggang-dong
SDOT001,V02Q1940451,residential_area,Mapo-gu,Seongsan1(il)-dong
SDOT001,V02Q1940467,residential_area,Mapo-gu,Seongsan1(il)-dong
SDOT001,V02Q1940458,residential_area,Gwanak-gu,Nakseongdae-dong
SDOT001,V02Q1940453,residential_area,Yangcheon-gu,Mok5(o)-dong
SDOT001,V02Q1940461,residential_area,Mapo-gu,Sinsu-dong
SDOT001,V02Q1940464,residential_area,Yangcheon-gu,Sinwol7(chil)-dong
SDOT001,V02Q1940468,residential_area,Gwanak-gu,Haengun-dong
SDOT001,V02Q1940455,industrial_area,Yangcheon-gu,Mok5(o)-dong
SDOT001,V02Q1940454,industrial_area,Seongdong-gu,Yongdap-dong
SDOT001,V02Q1940466,residential_area,Mapo-gu,Yeonnam-dong
SDOT001,V02Q1940481,residential_area,Yangcheon-gu,Sinjeong4(sa)-dong
SDOT001,V02Q1940483,residential_area,Geumcheon-gu,Doksan2(i)-dong
SDOT001,V02Q1940486,commercial_area,Geumcheon-gu,Doksan1(il)-dong
SDOT001,V02Q1940470,residential_area,Seodaemun-gu,Yeonhui-dong
SDOT001,V02Q1940471,residential_area,Mapo-gu,Mangwon2(i)-dong
SDOT001,V02Q1940475,residential_area,Eunpyeong-gu,Gusan-dong
SDOT001,V02Q1940478,residential_area,Gangdong-gu,Gil-dong
SDOT001,V02Q1940469,residential_area,Yangcheon-gu,Sinjeong3(sam)-dong
SDOT001,V02Q1940474,residential_area,Geumcheon-gu,Doksan1(il)-dong
SDOT001,V02Q1940476,residential_area,Eunpyeong-gu,Sinsa2(i)-dong
SDOT001,V02Q1940473,residential_area,Seongdong-gu,Geumho-1(il)-dong
SDOT001,V02Q1940472,residential_area,Yangcheon-gu,Sinwol6(yuk)-dong
SDOT001,V02Q1940484,residential_area,Geumcheon-gu,Doksan4(sa)-dong
SDOT001,V02Q1940487,residential_area,Seodaemun-gu,Bukahyeon-dong
SDOT001,V02Q1940488,residential_area,Seodaemun-gu,Yeonhui-dong
SDOT001,V02Q1940477,residential_area,Gangbuk-gu,Ui-dong
SDOT001,V02Q1940479,roads_and_parks,Geumcheon-gu,Doksan4(sa)-dong
SDOT001,V02Q1940480,industrial_area,Yangcheon-gu,Mok5(o)-dong
SDOT001,V02Q1940482,residential_area,Gangdong-gu,Amsa1(il)-dong
SDOT001,V02Q1940489,residential_area,Yangcheon-gu,Mok4(sa)-dong
SDOT001,V02Q1940490,residential_area,Mapo-gu,Yonggang-dong
SDOT001,V02Q1940507,residential_area,Gangdong-gu,Seongnae1(il)-dong
SDOT001,V02Q1940491,residential_area,Seongdong-gu,Yongdap-dong
SDOT001,V02Q1940493,residential_area,Gwanak-gu,Cheongnyong-dong
SDOT001,V02Q1940492,commercial_area,Yangcheon-gu,Sinjeong4(sa)-dong
SDOT001,V02Q1940499,residential_area,Jongno-gu,Sajik-dong
SDOT001,V02Q1940494,residential_area,Seodaemun-gu,Hongje1(il)-dong
SDOT001,V02Q1940501,residential_area,Seongdong-gu,Eungbong-dong
SDOT001,V02Q1940510,residential_area,Gwanak-gu,Seonghyeon-dong
SDOT001,V02Q1940504,residential_area,Seongdong-gu,Haengdang2(i)-dong
SDOT001,V02Q1940498,industrial_area,Jung-gu,Pil-dong
SDOT001,V02Q1940506,residential_area,Gwangjin-gu,Guui3(sam)-dong
SDOT001,V02Q1940509,residential_area,Seodaemun-gu,Hongje2(i)-dong
SDOT001,V02Q1940512,residential_area,Gwanak-gu,Seorim-dong
SDOT001,V02Q1940521,residential_area,Mapo-gu,Sogang-dong
SDOT001,V02Q1940520,residential_area,Seodaemun-gu,Namgajwa2(i)-dong
SDOT001,V02Q1940517,traditional_markets,Gwanak-gu,Sinwon-dong
SDOT001,V02Q1940513,residential_area,Songpa-gu,Macheon1(il)-dong
SDOT001,V02Q1940514,residential_area,Seodaemun-gu,Hongje3(sam)-dong
SDOT001,V02Q1940515,traditional_markets,Guro-gu,Gocheok2(i)-dong
SDOT001,V02Q1940525,residential_area,Yongsan-gu,Hyochang-dong
SDOT001,V02Q1940516,residential_area,Seodaemun-gu,Chunghyeon-dong
SDOT001,V02Q1940527,residential_area,Jung-gu,Hwanghak-dong
SDOT001,V02Q1940536,residential_area,Jung-gu,Gwanghui-dong
SDOT001,V02Q1940522,residential_area,Jongno-gu,Jeonnong3(sam)-dong
SDOT001,V02Q1940530,residential_area,Seongdong-gu,Seongsu1ga1(il)-dong
SDOT001,V02Q1940518,residential_area,Seocho-gu,Jamwon-dong
SDOT001,V02Q1940531,commercial_area,Mapo-gu,Seogyo-dong
SDOT001,V02Q1940535,residential_area,Mapo-gu,Sinsu-dong
SDOT001,V02Q1940537,residential_area,Gwanak-gu,Cheongnyong-dong
SDOT001,V02Q1940554,roads_and_parks,Jung-gu,Dasan-dong
SDOT001,V02Q1940538,residential_area,Gwanak-gu,Yeomchang-dong
SDOT001,V02Q1940542,residential_area,Mapo-gu,Dohwa-dong
SDOT001,V02Q1940540,residential_area,Jung-gu,Myeong-dong
SDOT001,V02Q1940544,roads_and_parks,Jung-gu,Pil-dong
SDOT001,V02Q1940539,residential_area,Jongno-gu,Ihwa-dong
SDOT001,V02Q1940541,residential_area,Jung-gu,Sogong-dong
SDOT001,V02Q1940559,commercial_area,Yongsan-gu,Itaewon1(il)-dong
SDOT001,V02Q1940553,residential_area,Jung-gu,Pil-dong
SDOT001,V02Q1940548,residential_area,Gwanak-gu,Boramae-dong
SDOT001,V02Q1940545,residential_area,Seongdong-gu,Seongsu1ga2(i)-dong
SDOT001,V02Q1940552,residential_area,Gwanak-gu,Miseong-dong
SDOT001,V02Q1940555,residential_area,Gwanak-gu,Jungang-dong
SDOT001,V02Q1940543,commercial_area,Seodaemun-gu,Hongje3(sam)-dong
SDOT001,V02Q1940550,residential_area,Gwanak-gu,Jungang-dong
SDOT001,V02Q1940546,residential_area,Jung-gu,Sindang5(o)-dong
SDOT001,V02Q1940556,residential_area,Seongdong-gu,Seongsu2ga1(il)-dong
SDOT001,V02Q1940549,residential_area,Gwanak-gu,Nangok-dong
SDOT001,V02Q1940558,residential_area,Gwanak-gu,Cheongnyong-dong
SDOT001,V02Q1940560,residential_area,Gwanak-gu,Cheongnyong-dong
SDOT001,V02Q1940576,residential_area,Mapo-gu,Sangam-dong
SDOT001,V02Q1940568,residential_area,Jung-gu,Sindang-dong
SDOT001,V02Q1940571,residential_area,Yongsan-gu,Huam-dong
SDOT001,V02Q1940572,residential_area,Yongsan-gu,Ichon1(il)-dong
SDOT001,V02Q1940561,residential_area,Gwanak-gu,Sinsa-dong
SDOT001,V02Q1940566,industrial_area,Jung-gu,Eulji-ro-dong
SDOT001,V02Q1940570,residential_area,Jung-gu,Dasan-dong
SDOT001,V02Q1940564,residential_area,Jung-gu,Jangchung-dong
SDOT001,V02Q1940567,roads_and_parks,Jung-gu,Eulji-ro-dong
SDOT001,V02Q1940569,residential_area,Seodaemun-gu,Namgajwa1(il)-dong
SDOT001,V02Q1940562,residential_area,Jung-gu,Eulji-ro-dong
SDOT001,V02Q1940573,industrial_area,Jung-gu,Gwanghui-dong
SDOT001,V02Q1940563,residential_area,Seongdong-gu,Wangsimni-doSeondong
SDOT001,V02Q1940574,residential_area,Yongsan-gu,Wonhyo-ro-1(il)-dong
SDOT001,V02Q1940579,residential_area,Mapo-gu,Mangwon2(i)-dong
SDOT001,V02Q1940577,residential_area,Yongsan-gu,Seobinggo-dong
SDOT001,V02Q1940575,residential_area,Seongdong-gu,Haengdang2(i)-dong
SDOT001,V02Q1940578,residential_area,Yongsan-gu,Bogwang-dong
SDOT001,V02Q1940565,residential_area,Seongdong-gu,Seongsu2ga1(il)-dong
SDOT001,V02Q1940581,residential_area,Mapo-gu,Mangwon2(i)-dong
SDOT001,V02Q1940589,residential_area,Gwanak-gu,Seorim-dong
SDOT001,V02Q1940583,residential_area,Mapo-gu,Sogang-dong
SDOT001,V02Q1940585,residential_area,Seodaemun-gu,Sinchon-dong
SDOT001,V02Q1940594,residential_area,Seongdong-gu,Seongsu2ga3(sam)-dong
SDOT001,V02Q1940602,roads_and_parks,Jung-gu,Hoehyeon-dong
SDOT001,V02Q1940597,roads_and_parks,Jung-gu,Hoehyeon-dong
SDOT001,V02Q1940592,residential_area,Seodaemun-gu,Cheonyeon-dong
SDOT001,V02Q1940599,residential_area,Jung-gu,Cheonggu-dong
SDOT001,V02Q1940601,residential_area,Seongdong-gu,Sageun-dong
SDOT001,V02Q1940586,industrial_area,Mapo-gu,Mangwon1(il)-dong
SDOT001,V02Q1940595,residential_area,Yongsan-gu,Wonhyo-ro-2(i)-dong
SDOT001,V02Q1940600,residential_area,Yongsan-gu,Ichon2(i)-dong
SDOT001,V02Q1940580,residential_area,Seongdong-gu,Yongdap-dong
SDOT001,V02Q1940591,residential_area,Gwanak-gu,Seonghyeon-dong
SDOT001,V02Q1940584,residential_area,Yongsan-gu,Huam-dong
SDOT001,V02Q1940588,residential_area,Seongdong-gu,Sageun-dong
SDOT001,V02Q1940590,residential_area,Seongdong-gu,Sageun-dong
SDOT001,V02Q1940596,commercial_area,Jung-gu,Hoehyeon-dong
SDOT001,V02Q1940598,residential_area,Jung-gu,Yaksu-dong
SDOT001,V02Q1940603,residential_area,Seongdong-gu,Yongdap-dong
SDOT001,V02Q1940611,residential_area,Mapo-gu,Hapjeong-dong
SDOT001,V02Q1940610,residential_area,Mapo-gu,Mangwon2(i)-dong
SDOT001,V02Q1940615,residential_area,Seongdong-gu,Geumho-1(il)-dong
SDOT001,V02Q1940617,residential_area,Seongdong-gu,Oksu-dong
SDOT001,V02Q1940609,residential_area,Mapo-gu,Seogyo-dong
SDOT001,V02Q1940605,residential_area,Mapo-gu,Seogyo-dong
SDOT001,V02Q1940612,residential_area,Mapo-gu,Sangam-dong
SDOT001,V02Q1940606,residential_area,Mapo-gu,Daeheung-dong
SDOT001,V02Q1940614,residential_area,Yangcheon-gu,Mok4(sa)-dong
SDOT001,V02Q1940622,industrial_area,Mapo-gu,Seongsan2(i)-dong
SDOT001,V02Q1940613,residential_area,Mapo-gu,Mangwon1(il)-dong
SDOT001,V02Q1940621,residential_area,Mapo-gu,Hapjeong-dong
SDOT001,V02Q1940604,roads_and_parks,Jung-gu,Myeong-dong
SDOT001,V02Q1940608,roads_and_parks,Jung-gu,Myeong-dong
SDOT001,V02Q1940620,residential_area,Mapo-gu,Seongsan2(i)-dong
SDOT001,V02Q1940625,residential_area,Gwanak-gu,Cheongnim-dong
SDOT001,V02Q1940623,residential_area,Seongdong-gu,Majang-dong
SDOT001,V02Q1940624,residential_area,Mapo-gu,Mangwon1(il)-dong
SDOT001,V02Q1940618,residential_area,Mapo-gu,Ahyeon-dong
SDOT001,V02Q1940626,residential_area,Mapo-gu,Seogyo-dong
SDOT001,V02Q1940627,residential_area,Seongdong-gu,Songjeong-dong
SDOT001,V02Q1940633,residential_area,Gwanak-gu,Daehak-dong
SDOT001,V02Q1940628,commercial_area,Seongdong-gu,Majang-dong
SDOT001,V02Q1940647,residential_area,Mapo-gu,Gongdeok-dong
SDOT001,V02Q1940640,residential_area,Mapo-gu,Yeonnam-dong
SDOT001,V02Q1940630,commercial_area,Yongsan-gu,Hangang-ro-dong
SDOT001,V02Q1940648,residential_area,Yongsan-gu,Itaewon1(il)-dong
SDOT001,V02Q1940637,residential_area,Yongsan-gu,Hangang-ro-dong
SDOT001,V02Q1940646,residential_area,Mapo-gu,Hapjeong-dong
SDOT001,V02Q1940643,residential_area,Mapo-gu,Hapjeong-dong
SDOT001,V02Q1940635,residential_area,Mapo-gu,Mangwon2(i)-dong
SDOT001,V02Q1940632,residential_area,Seongdong-gu,Wangsimni-doSeondong
SDOT001,V02Q1940642,industrial_area,Seongdong-gu,Yongdap-dong
SDOT001,V02Q1940634,residential_area,Mapo-gu,Ahyeon-dong
SDOT001,V02Q1940639,residential_area,Seongdong-gu,Eungbong-dong
SDOT001,V02Q1940629,residential_area,Mapo-gu,Gongdeok-dong
SDOT001,V02Q1940644,residential_area,Seongdong-gu,Haengdang1(il)-dong
SDOT001,V02Q1940641,residential_area,Geumcheon-gu,Siheung5(o)-dong
SDOT001,V02Q1940668,residential_area,Yongsan-gu,Ichon1(il)-dong
SDOT001,V02Q1940667,residential_area,Gwanak-gu,Boramae-dong
SDOT001,V02Q1940651,residential_area,Yongsan-gu,Yongsan2(i)-dong
SDOT001,V02Q1940661,residential_area,Mapo-gu,Daeheung-dong
SDOT001,V02Q1940670,industrial_area,Seongdong-gu,Seongsu1ga1(il)-dong
SDOT001,V02Q1940666,residential_area,Gwanak-gu,Inheon-dong
SDOT001,V02Q1940653,residential_area,Mapo-gu,Daeheung-dong
SDOT001,V02Q1940650,residential_area,Mapo-gu,Yeomni-dong
SDOT001,V02Q1940659,residential_area,Yangcheon-gu,Sinwol5(o)-dong
SDOT001,V02Q1940669,residential_area,Gwanak-gu,Namhyeon-dong
SDOT001,V02Q1940664,residential_area,Yongsan-gu,Ichon1(il)-dong
SDOT001,V02Q1940662,residential_area,Gwanak-gu,Yeomchang-dong
SDOT001,V02Q1940658,traditional_markets,Gwanak-gu,Sinwon-dong
SDOT001,V02Q1940660,residential_area,Gwanak-gu,Sinllim-dong
SDOT001,V02Q1940652,residential_area,Gwanak-gu,Jowon-dong
SDOT001,V02Q1940663,residential_area,Gwanak-gu,Namhyeon-dong
SDOT001,V02Q1940671,residential_area,Gwanak-gu,Samseong-dong
SDOT001,V02Q1940673,residential_area,Gwanak-gu,Sinsa-dong
SDOT001,V02Q1940665,traditional_markets,Dobong-gu,Chang2(i)-dong
SDOT001,V02Q1940657,residential_area,Gwanak-gu,Seonghyeon-dong
SDOT001,V02Q1940674,residential_area,Gwanak-gu,Inheon-dong
SDOT001,V02Q1940677,residential_area,Gwanak-gu,Jowon-dong
SDOT001,V02Q1940675,residential_area,Gwanak-gu,Cheongnyong-dong
SDOT001,V02Q1940678,residential_area,Gwanak-gu,Sungin1(il)-dong
SDOT001,V02Q1940679,residential_area,Songpa-gu,Garakbon-dong
SDOT001,V02Q1940676,residential_area,Gwanak-gu,Nanhyang-dong
SDOT001,V02Q1940685,residential_area,Gwanak-gu,Miseong-dong
SDOT001,V02Q1940683,residential_area,Gwanak-gu,Nanhyang-dong
SDOT001,V02Q1940681,residential_area,Gwanak-gu,Namhyeon-dong
SDOT001,V02Q1940692,residential_area,Gwanak-gu,Euncheon-dong
SDOT001,V02Q1940690,roads_and_parks,Geumcheon-gu,Siheung3(sam)-dong
SDOT001,V02Q1940695,residential_area,Jongno-gu,Gyonam-dong
SDOT001,V02Q1940684,residential_area,Mapo-gu,Yonggang-dong
SDOT001,V02Q1940688,residential_area,Mapo-gu,Seongsan1(il)-dong
SDOT001,V02Q1940687,residential_area,Jongno-gu,Dongseon-dong
SDOT001,V02Q1940686,residential_area,Yongsan-gu,Itaewon2(i)-dong
SDOT001,V02Q1940694,residential_area,Gwanak-gu,Cheongnyong-dong
SDOT001,V02Q1940680,residential_area,Gwanak-gu,Boramae-dong
SDOT001,V02Q1940689,residential_area,Gwanak-gu,Cheongnyong-dong
SDOT001,V02Q1940693,roads_and_parks,Geumcheon-gu,Siheung1(il)-dong
SDOT001,V02Q1940699,residential_area,Geumcheon-gu,Siheung2(i)-dong
SDOT001,V02Q1940698,residential_area,Yongsan-gu,Hannam-dong
SDOT001,V02Q1940697,industrial_area,Mapo-gu,Sangam-dong
SDOT001,V02Q1940696,residential_area,Mapo-gu,Yeonnam-dong
SDOT001,V02Q1940703,residential_area,Gwanak-gu,Miseong-dong
SDOT001,V02Q1940704,residential_area,Gwanak-gu,Nanhyang-dong
SDOT001,V02Q1940708,residential_area,Songpa-gu,Jamsil2(i)-dong
SDOT001,V02Q1940700,residential_area,Mapo-gu,Dohwa-dong
SDOT001,V02Q1940707,residential_area,Yangcheon-gu,Sinjeong7(chil)-dong
SDOT001,V02Q1940732,industrial_area,Yangcheon-gu,Sinwol1(il)-dong
SDOT001,V02Q1940720,residential_area,Jongno-gu,Changsin2(i)-dong
SDOT001,V02Q1940724,traditional_markets,Gangnam-gu,Yeoksam2(i)-dong
SDOT001,V02Q1940706,residential_area,Songpa-gu,Songpa2(i)-dong
SDOT001,V02Q1940713,residential_area,Songpa-gu,Bangi2(i)-dong
SDOT001,V02Q1940717,residential_area,Songpa-gu,Jangji-dong
SDOT001,V02Q1940701,residential_area,Gwanak-gu,Miseong-dong
SDOT001,V02Q1940702,residential_area,Geumcheon-gu,Siheung1(il)-dong
SDOT001,V02Q1940712,residential_area,Gangbuk-gu,Ui-dong
SDOT001,V02Q1940714,commercial_area,Songpa-gu,Jamsil6(yuk)-dong
SDOT001,V02Q1940716,residential_area,Jongno-gu,Muak-dong
SDOT001,V02Q1940705,residential_area,Yangcheon-gu,Sinwol2(i)-dong
SDOT001,V02Q1940709,residential_area,Seongdong-gu,Majang-dong
SDOT001,V02Q1940711,traditional_markets,Mapo-gu,Seogyo-dong
SDOT001,V02Q1940718,residential_area,Jongno-gu,Jong-ro5(o).6(yuk)-ga-d
SDOT001,V02Q1940734,residential_area,Songpa-gu,Jamsil6(yuk)-dong
SDOT001,V02Q1940736,residential_area,Songpa-gu,Ogeum-dong
SDOT001,V02Q1940731,residential_area,Yongsan-gu,Seobinggo-dong
SDOT001,V02Q1940727,traditional_markets,Jungnang-gu,Junghwa2(i)-dong
SDOT001,V02Q1940723,residential_area,Mapo-gu,Seogyo-dong
SDOT001,V02Q1940722,residential_area,Mapo-gu,Seogyo-dong
SDOT001,V02Q1940719,residential_area,Jongno-gu,Jong-ro1(il).2(i).3(sam
SDOT001,V02Q1940733,residential_area,Seongdong-gu,Seongsu2ga3(sam)-dong
SDOT001,V02Q1940735,residential_area,Seongdong-gu,Majang-dong
SDOT001,V02Q1940725,residential_area,Gwanak-gu,Jowon-dong
SDOT001,V02Q1940721,residential_area,Jongno-gu,Hyehwa-dong
SDOT001,V02Q1940737,residential_area,Jongno-gu,Pyeongchang-dong
SDOT001,V02Q1940728,residential_area,Mapo-gu,Yeomni-dong
SDOT001,V02Q1940741,residential_area,Yangcheon-gu,Mok5(o)-dong
SDOT001,V02Q1940744,residential_area,Seongdong-gu,Seongsu2ga3(sam)-dong
SDOT001,V02Q1940749,residential_area,Yangcheon-gu,Sinwol2(i)-dong
SDOT001,V02Q1940754,residential_area,Yangcheon-gu,Sinwol4(sa)-dong
SDOT001,V02Q1940743,residential_area,Seongdong-gu,Seongsu2ga1(il)-dong
SDOT001,V02Q1940761,residential_area,Seongdong-gu,Majang-dong
SDOT001,V02Q1940742,residential_area,Songpa-gu,Seokchon-dong
SDOT001,V02Q1940758,residential_area,Seongdong-gu,Haengdang1(il)-dong
SDOT001,V02Q1940750,residential_area,Yangcheon-gu,Sinwol7(chil)-dong
SDOT001,V02Q1940747,traditional_markets,Dongjak-gu,Sang-do1(il)-dong
SDOT001,V02Q1940751,residential_area,Guro-gu,Gu-ro5(o)-dong
SDOT001,V02Q1940748,residential_area,Seongdong-gu,Seongsu1ga1(il)-dong
SDOT001,V02Q1940753,residential_area,Seongdong-gu,Geumho-1(il)-dong
SDOT001,V02Q1940756,traditional_markets,Dongjak-gu,Sang-do4(sa)-dong
SDOT001,V02Q1940760,residential_area,Yangcheon-gu,Sinwol2(i)-dong
SDOT001,V02Q1940752,residential_area,Dobong-gu,Ssangmun4(sa)-dong
SDOT001,V02Q1940745,residential_area,Songpa-gu,Geoyeo1(il)-dong
SDOT001,V02Q1940759,residential_area,Yangcheon-gu,Mok5(o)-dong
SDOT001,V02Q1940746,traditional_markets,Gangbuk-gu,Suyu1(il)-dong
SDOT001,V02Q1940755,residential_area,Nowon-gu,Sanggye2(i)-dong
SDOT001,V02Q1940757,residential_area,Songpa-gu,Geoyeo1(il)-dong
SDOT001,V02Q1940774,residential_area,Yangcheon-gu,Mok5(o)-dong
SDOT001,V02Q1940767,residential_area,Songpa-gu,Samjeon-dong
SDOT001,V02Q1940763,residential_area,Gangbuk-gu,Beon2(i)-dong
SDOT001,V02Q1940762,residential_area,Yangcheon-gu,Mok3(sam)-dong
SDOT001,V02Q1940765,residential_area,Yangcheon-gu,Sinjeong7(chil)-dong
SDOT001,V02Q1940768,residential_area,Songpa-gu,Wirye-dong
SDOT001,V02Q1940769,residential_area,Yangcheon-gu,Sinjeong4(sa)-dong
SDOT001,V02Q1940771,residential_area,Yangcheon-gu,Mok5(o)-dong
SDOT001,V02Q1940772,residential_area,Songpa-gu,Seokchon-dong
SDOT001,V02Q1940773,residential_area,Yangcheon-gu,Sinjeong4(sa)-dong
SDOT001,V02Q1940764,residential_area,Songpa-gu,Oryun-dong
SDOT001,V02Q1940781,residential_area,Songpa-gu,Jamsilbon-dong
SDOT001,V02Q1940777,residential_area,Geumcheon-gu,Siheung4(sa)-dong
SDOT001,V02Q1940783,traditional_markets,Dobong-gu,Chang2(i)-dong
SDOT001,V02Q1940789,residential_area,Gangnam-gu,Samseong2(i)-dong
SDOT001,V02Q1940787,residential_area,Songpa-gu,Jamsil3(sam)-dong
SDOT001,V02Q1940782,residential_area,Gangseo-gu,Hwagok3(sam)-dong
SDOT001,V02Q1940786,residential_area,Seongdong-gu,Seongsu1ga1(il)-dong
SDOT001,V02Q1940790,residential_area,Songpa-gu,Bangi2(i)-dong
SDOT001,V02Q1940799,traditional_markets,Dobong-gu,Chang3(sam)-dong
SDOT001,V02Q1940788,residential_area,Songpa-gu,Jamsil7(chil)-dong
SDOT001,V02Q1940785,residential_area,Dongdaemun-gu,Yongshin-dong
SDOT001,V02Q1940791,residential_area,Songpa-gu,Macheon2(i)-dong
SDOT001,V02Q1940797,residential_area,Jongno-gu,Buam-dong
SDOT001,V02Q1940796,residential_area,Jongno-gu,Sungin2(i)-dong
SDOT001,V02Q1940792,residential_area,Yangcheon-gu,Mok4(sa)-dong
SDOT001,V02Q1940784,residential_area,Songpa-gu,Garak2(i)-dong
SDOT001,V02Q1940798,residential_area,Gangdong-gu,Cheonho1(il)-dong
SDOT001,V02Q1940795,residential_area,Yangcheon-gu,Sinwol4(sa)-dong
SDOT001,V02Q1940793,residential_area,Songpa-gu,Geoyeo2(i)-dong
SDOT001,V02Q1940801,residential_area,Yangcheon-gu,Sinjeong6(yuk)-dong
SDOT001,V02Q1940800,residential_area,Songpa-gu,Jamsil4(sa)-dong
SDOT001,V02Q1940794,residential_area,Yangcheon-gu,Mok2(i)-dong
SDOT001,V02Q1940802,residential_area,Jongno-gu,Pyeongchang-dong
SDOT001,V02Q1940803,residential_area,Yangcheon-gu,Mok1(il)-dong
SDOT001,V02Q1940804,residential_area,Yangcheon-gu,Sinjeong3(sam)-dong
SDOT001,V02Q1940812,roads_and_parks,Gwangjin-gu,Gwangjang-dong
SDOT001,V02Q1940815,roads_and_parks,Gwangjin-gu,Jayang3(sam)-dong
SDOT001,V02Q1940813,roads_and_parks,Mapo-gu,Mangwon1(il)-dong
SDOT001,V02Q1940809,residential_area,Yangcheon-gu,Mok2(i)-dong
SDOT001,V02Q1940821,residential_area,Songpa-gu,Seokchon-dong
SDOT001,V02Q1940806,residential_area,Yangcheon-gu,Mok3(sam)-dong
SDOT001,V02Q1940808,public_facilities,Jongno-gu,Sajik-dong
SDOT001,V02Q1940814,residential_area,Yangcheon-gu,Sinjeong1(il)-dong
SDOT001,V02Q1940816,roads_and_parks,Seocho-gu,Banpo2(i)-dong
SDOT001,V02Q1940811,industrial_area,Songpa-gu,Pungnap2(i)-dong
SDOT001,V02Q1940810,residential_area,Jongno-gu,Changsin1(il)-dong
SDOT001,V02Q1940817,residential_area,Jongno-gu,Hyehwa-dong
SDOT001,V02Q1940805,residential_area,Yangcheon-gu,Sinjeong3(sam)-dong
SDOT001,V02Q1940807,residential_area,Jongno-gu,Sungin2(i)-dong
SDOT001,V02Q1940818,residential_area,Jongno-gu,Changsin1(il)-dong
SDOT001,V02Q1940820,roads_and_parks,Songpa-gu,Jamsil6(yuk)-dong
SDOT001,V02Q1940819,commercial_area,Songpa-gu,Seokchon-dong
SDOT001,V02Q1940822,residential_area,Jongno-gu,Muak-dong
SDOT001,V02Q1940838,roads_and_parks,Songpa-gu,Jamsil2(i)-dong
SDOT001,V02Q1940823,residential_area,Gangbuk-gu,Insu-dong
SDOT001,V02Q1940836,roads_and_parks,Yeongdeungpo-gu,Yeongdeungpo-dong
SDOT001,V02Q1940824,roads_and_parks,Gangseo-gu,Banghwa3(sam)-dong
SDOT001,V02Q1940830,roads_and_parks,Yongsan-gu,Ichon2(i)-dong
SDOT001,V02Q1940825,residential_area,Songpa-gu,Pungnap1(il)-dong
SDOT001,V02Q1940826,residential_area,Yangcheon-gu,Sinjeong2(i)-dong
SDOT001,V02Q1940842,residential_area,Seongdong-gu,Eungbong-dong
SDOT001,V02Q1940833,roads_and_parks,Mapo-gu,Sangam-dong
SDOT001,V02Q1940827,residential_area,Jongno-gu,Ihwa-dong
SDOT001,V02Q1940835,residential_area,Yangcheon-gu,Sinjeong1(il)-dong
SDOT001,V02Q1940829,roads_and_parks,Yeongdeungpo-gu,Munllae-dong
SDOT001,V02Q1940832,residential_area,Songpa-gu,Bangi1(il)-dong
SDOT001,V02Q1940837,residential_area,Jongno-gu,CheongwoonHyoja-dong
SDOT001,V02Q1940834,residential_area,Dongjak-gu,Sadang4(sa)-dong
SDOT001,V02Q1940839,residential_area,Jongno-gu,Jong-ro1(il).2(i).3(sam
SDOT001,V02Q1940841,residential_area,Jongno-gu,Jong-ro5(o).6(yuk)-ga-d
SDOT001,V02Q1940840,residential_area,Jongno-gu,Hyehwa-dong
SDOT001,V02Q1940828,residential_area,Seongdong-gu,Sageun-dong
SDOT001,V02Q1940861,residential_area,Yangcheon-gu,Sinjeong7(chil)-dong
SDOT001,V02Q1940843,residential_area,Jongno-gu,Gahoe-dong
SDOT001,V02Q1940857,roads_and_parks,Jongno-gu,Samcheong-dong
SDOT001,V02Q1940850,residential_area,Yeongdeungpo-gu,Dangsan1(il)-dong
SDOT001,V02Q1940844,residential_area,Jongno-gu,Changsin1(il)-dong
SDOT001,V02Q1940852,residential_area,Seodaemun-gu,Hongje3(sam)-dong
SDOT001,V02Q1940845,residential_area,Songpa-gu,Munjeong1(il)-dong
SDOT001,V02Q1940858,traditional_markets,Guro-gu,Gu-ro4(sa)-dong
SDOT001,V02Q1940862,traditional_markets,Guro-gu,Gu-ro4(sa)-dong
SDOT001,V02Q1940856,residential_area,Yongsan-gu,Hannam-dong
SDOT001,V02Q1940849,residential_area,Yangcheon-gu,Sinwol1(il)-dong
SDOT001,V02Q1940854,residential_area,Mapo-gu,Mangwon1(il)-dong
SDOT001,V02Q1940846,traditional_markets,Dobong-gu,Chang3(sam)-dong
SDOT001,V02Q1940855,residential_area,Yangcheon-gu,Sinjeong4(sa)-dong
SDOT001,V02Q1940859,residential_area,Jongno-gu,Buam-dong
SDOT001,V02Q1940860,traditional_markets,Gwangjin-gu,Jayang1(il)-dong
SDOT001,V02Q1940851,traditional_markets,Gangdong-gu,Amsa1(il)-dong
SDOT001,V02Q1940853,traditional_markets,Gangseo-gu,Hwagok1(il)-dong
SDOT001,V02Q1940848,residential_area,Jongno-gu,Ihwa-dong
SDOT001,V02Q1940847,residential_area,Songpa-gu,Munjeong2(i)-dong
SDOT001,V02Q1940867,residential_area,Yangcheon-gu,Mok3(sam)-dong
SDOT001,V02Q1940878,roads_and_parks,Yeongdeungpo-gu,Yeouido-dong
SDOT001,V02Q1940873,residential_area,Songpa-gu,Pungnap2(i)-dong
SDOT001,V02Q1940874,residential_area,Yangcheon-gu,Sinjeong3(sam)-dong
SDOT001,V02Q1940876,residential_area,Yangcheon-gu,Mok2(i)-dong
SDOT001,V02Q1940877,residential_area,Jongno-gu,Pyeongchang-dong
SDOT001,V02Q1940883,residential_area,Jongno-gu,Sajik-dong
SDOT001,V02Q1940872,residential_area,Eunpyeong-gu,Bulgwang1(il)-dong
SDOT001,V02Q1940884,residential_area,Gwanak-gu,Sinllim-dong
SDOT001,V02Q1940868,residential_area,Seongdong-gu,Yongdap-dong
SDOT001,V02Q1940875,residential_area,Jongno-gu,Changsin2(i)-dong
SDOT001,V02Q1940869,residential_area,Yangcheon-gu,Sinwol4(sa)-dong
SDOT001,V02Q1940864,residential_area,Yangcheon-gu,Mok1(il)-dong
SDOT001,V02Q1940879,residential_area,Seongbuk-gu,Gileum2(i)-dong
SDOT001,V02Q1940871,residential_area,Seongdong-gu,Majang-dong
SDOT001,V02Q1940882,residential_area,Jungnang-gu,Myeonmokbon-dong
SDOT001,V02Q1940866,residential_area,Seongdong-gu,Haengdang2(i)-dong
SDOT001,V02Q1940863,residential_area,Yangcheon-gu,Sinjeong2(i)-dong
SDOT001,V02Q1940865,residential_area,Yangcheon-gu,Mok2(i)-dong
SDOT001,V02Q1940870,residential_area,Seongdong-gu,Seongsu1ga1(il)-dong
SDOT001,V02Q1940885,traditional_markets,Nowon-gu,Sanggye2(i)-dong
SDOT001,V02Q1940935,residential_area,Jung-gu,Jeonnong3(sam)-dong
SDOT001,V02Q1940887,residential_area,Songpa-gu,Samjeon-dong
SDOT001,V02Q1940886,residential_area,Jongno-gu,Samcheong-dong
SDOT001,V02Q1940889,traditional_markets,Dobong-gu,Chang2(i)-dong
SDOT001,V02Q1940888,traditional_markets,Gwangjin-gu,Junggok1(il)-dong
SDOT001,V02Q1940945,traditional_markets,Mapo-gu,Mangwon1(il)-dong
SDOT001,V02Q1940944,traditional_markets,Jungnang-gu,Muk2(i)-dong
SDOT001,V02Q1940951,traditional_markets,Yangcheon-gu,Sinwol1(il)-dong
SDOT001,V02Q1940950,traditional_markets,Nowon-gu,Gongneung1(il)-dong
SDOT001,V02Q1941000,residential_area,Gwanak-gu,Sinllim-dong
SDOT001,V02Q1940948,public_facilities,Geumcheon-gu,Doksan4(sa)-dong
SDOT001,V02Q1940941,traditional_markets,Songpa-gu,Jamsilbon-dong
SDOT001,V02Q1941006,residential_area,Mapo-gu,Ahyeon-dong
SDOT001,V02Q1940942,traditional_markets,Yangcheon-gu,Sinwol1(il)-dong
SDOT001,V02Q1940943,traditional_markets,Yangcheon-gu,Mok3(sam)-dong
SDOT001,V02Q1940947,traditional_markets,Dongjak-gu,Sang-do1(il)-dong
SDOT001,V02Q1940949,traditional_markets,Gangbuk-gu,Mia-dong
SDOT001,V02Q1940952,traditional_markets,Dongjak-gu,Sadang2(i)-dong
SDOT001,V02Q1940953,traditional_markets,Gangnam-gu,Gaepo2(i)-dong
SDOT001,V02Q1941015,residential_area,Seongdong-gu,Seongsu1ga1(il)-dong
SDOT001,V02Q2300007,main_street,Eunpyeong-gu,Jingwan-dong
SDOT001,V02Q2300002,residential_area,Gwanak-gu,Sinllim-dong
SDOT001,V02Q2300001,residential_area,Gwanak-gu,Sinllim-dong
SDOT001,V02Q2300006,main_street,Eunpyeong-gu,Jingwan-dong
SDOT001,V02Q1941013,residential_area,Yangcheon-gu,Dangsan2(i)-dong
SDOT001,V02Q2300003,main_street,Eunpyeong-gu,Bulgwang2(i)-dong
SDOT001,V02Q1940508,residential_area,Jung-gu,Jungnim-dong
SDOT001,V02Q1940500,residential_area,Jung-gu,Donghwa-dong
SDOT001,V02Q1940780,residential_area,Jung-gu,Sogong-dong
SDOT001,V02Q1940524,residential_area,Yongsan-gu,Cheongpa-dong
SDOT001,V02Q1940779,residential_area,Gwangjin-gu,Guui3(sam)-dong
SDOT001,V02Q1940778,residential_area,Yangcheon-gu,Mok1(il)-dong
SDOT001,V02Q1940770,traditional_markets,Gangdong-gu,Amsa1(il)-dong
SDOT001,V02Q1940495,industrial_area,Geumcheon-gu,Doksan1(il)-dong
SDOT001,V02Q1940532,residential_area,Gwanak-gu,Nangok-dong
SDOT001,V02Q1940502,residential_area,Seongdong-gu,Seongsu1ga1(il)-dong
SDOT001,V02Q1940503,residential_area,Seongdong-gu,Songjeong-dong
SDOT001,V02Q1940511,residential_area,Seongdong-gu,Eungbong-dong
SDOT001,V02Q1940496,residential_area,Seongdong-gu,Seongsu2ga1(il)-dong
SDOT001,V02Q1940775,residential_area,Songpa-gu,Songpa1(il)-dong
SDOT001,V02Q1940519,residential_area,Mapo-gu,Sinsu-dong
SDOT001,V02Q1940766,residential_area,Yangcheon-gu,Mok3(sam)-dong
SDOT001,V02Q1940776,residential_area,Yangcheon-gu,Mok2(i)-dong
SDOT001,V02Q1940534,residential_area,Mapo-gu,Daeheung-dong
SDOT001,OC3CL200238,roads_and_parks,Gangbuk-gu,Yangpyeong2(i)-dong
SDOT001,V02Q1940710,residential_area,Jongno-gu,Sungin1(il)-dong
SDOT001,V02Q1940376,residential_area,Gangdong-gu,Cheonho1(il)-dong
SDOT001,V02Q1940295,residential_area,Dongjak-gu,Daebang-dong
SDOT001,V02Q1940311,residential_area,Jungnang-gu,Junghwa1(il)-dong
SDOT001,V02Q1940523,residential_area,Yongsan-gu,Bogwang-dong
SDOT001,V02Q1940121,residential_area,Yeongdeungpo-gu,Daerim1(il)-dong
SDOT001,V02Q1940729,residential_area,Yangcheon-gu,Sinjeong3(sam)-dong
SDOT001,OC3CL200084,residential_area,Gangdong-gu,Cheonho2(i)-dong
SDOT001,OC3CL200023,main_street,Gangnam-gu,Daechi4(sa)-dong
SDOT001,V02Q1940528,residential_area,Mapo-gu,Yeomni-dong
SDOT001,OC3CL200029,main_street,Gwangjin-gu,Guui1(il)-dong
SDOT001,V02Q1940442,residential_area,Mapo-gu,Mangwon2(i)-dong
SDOT001,OC3CL200250,roads_and_parks,Gangbuk-gu,Beon3(sam)-dong
SDOT001,V02Q1940178,residential_area,Gangnam-gu,Sinsa-dong
SDOT001,V02Q1940285,residential_area,Mapo-gu,Mangwon1(il)-dong
SDOT001,V02Q1940354,commercial_area,Gangdong-gu,Seongnae2(i)-dong
SDOT001,V02Q1940672,residential_area,Gwanak-gu,Sinllim-dong
SDOT001,V02Q1940616,residential_area,Seongdong-gu,Wangsimni2(i)-dong
SDOT001,OC3CL200202,industrial_area,Jungnang-gu,Junghwa2(i)-dong
SDOT001,OC3CL200090,residential_area,Dongjak-gu,Sang-do1(il)-dong
SDOT001,V02Q1940282,residential_area,Seocho-gu,Banpo3(sam)-dong
SDOT001,V02Q1940343,residential_area,Eunpyeong-gu,Galhyeon2(i)-dong
SDOT001,V02Q1940582,residential_area,Seongdong-gu,Eungbong-dong
SDOT001,V02Q1940607,residential_area,Seongdong-gu,Sageun-dong
SDOT001,V02Q1940655,residential_area,Jongno-gu,Gahoe-dong
SDOT001,V02Q1940654,industrial_area,Yangcheon-gu,Mok5(o)-dong
SDOT001,V02Q1940485,commercial_area,Eunpyeong-gu,Eungam1(il)-dong
SDOT001,OC3CL200078,main_street,Seocho-gu,Seocho4(sa)-dong
SDOT001,OC3CL200205,roads_and_parks,Gangdong-gu,Seongnae2(i)-dong
SDOT001,V02Q1940144,residential_area,Seocho-gu,Bangbae1(il)-dong
SDOT001,V02Q1940154,residential_area,Nowon-gu,Hagye1(il)-dong
SDOT001,V02Q1940188,residential_area,Yeongdeungpo-gu,Sin-gil5(o)-dong
SDOT001,V02Q1940195,residential_area,Jungnang-gu,Myeonmok7(chil)-dong
SDOT001,V02Q1940283,residential_area,Seongbuk-gu,Bomun-dong
SDOT001,V02Q1940321,residential_area,Gangdong-gu,Myeon-gil1(il)-dong
SDOT001,V02Q1940373,residential_area,Eunpyeong-gu,Eungam3(sam)-dong
SDOT001,V02Q1940410,residential_area,Gangdong-gu,Dunchon2(i)-dong
SDOT001,V02Q1940434,residential_area,Gangdong-gu,Dunchon2(i)-dong
SDOT001,V02Q1940457,industrial_area,Gwanak-gu,Samseong-dong
SDOT001,V02Q1940452,residential_area,Gwanak-gu,Cheongnyong-dong
SDOT001,V02Q1940505,residential_area,Gangdong-gu,Deungchon1(il)-dong
SDOT001,V02Q1940619,residential_area,Mapo-gu,Gongdeok-dong
SDOT001,V02Q1940631,residential_area,Mapo-gu,Ahyeon-dong
SDOT001,V02Q1940638,residential_area,Mapo-gu,Hapjeong-dong
SDOT001,V02Q1940740,residential_area,Yangcheon-gu,Sinwol2(i)-dong
SDOT001,V02Q1940946,traditional_markets,Yangcheon-gu,Sinwol1(il)-dong
SDOT001,OC3CL200064,residential_area,Yangcheon-gu,Mok2(i)-dong
SDOT001,V02Q1940526,residential_area,Seongdong-gu,Geumho4(sa)-dong
SDOT001,V02Q1940186,residential_area,Yeongdeungpo-gu,Sin-gil4(sa)-dong
SDOT001,V02Q1940303,roads_and_parks,Dobong-gu,Dobong2(i)-dong
SDOT001,OC3CL200259,commercial_area,Songpa-gu,Jamsil3(sam)-dong
SDOT001,V02Q1940274,residential_area,Seocho-gu,Banpo1(il)-dong
SDOT001,V02Q1940726,residential_area,Yongsan-gu,Yongmun-dong
SDOT001,V02Q1940831,roads_and_parks,Gangdong-gu,Amsa3(sam)-dong
SDOT001,V02Q1940715,residential_area,Yangcheon-gu,Sinjeong3(sam)-dong
SDOT001,OC3DL220021,residential_area,Seongdong-gu,Geumho-dong2.3-ga
SDOT001,V02Q1940367,residential_area,Seongdong-gu,Geumho-dong2.3-ga
SDOT001,V02Q1940497,residential_area,Mapo-gu,Dohwa-dong
SDOT001,V02Q1940636,residential_area,Seongdong-gu,Geumho-dong2.3-ga
SDOT001,V02Q1940739,residential_area,Seongdong-gu,Geumho-dong2.3-ga
SDOT001,V02Q1940738,residential_area,Seongdong-gu,Geumho-dong2.3-ga
SDOT001,V02Q2300004,main_street,Eunpyeong-gu,Bulgwang2-dong
SDOT001,V02Q2300005,main_street,Eunpyeong-gu,Jingwan-dong
SDOT001,OC3CL200201,roads_and_parks,Jongno-gu,Jong-ro5.6-ga-dong
SDOT001,OC3DL2200010,residential_area,Jongno-gu,Jong-ro1.2.3.4-ga-dong
SDOT001,V02Q1940955,residential_area,Seocho-gu,Banpo2-dong
SDOT001,V02Q1940331,residential_area,Dobong-gu,Ssangmun3-dong
SDOT001,V02Q1940587,residential_area,Seongdong-gu,Seongsu2ga3-dong
SDOT001,V02Q1940881,roads_and_parks,Jongno-gu,Ihwa-dong
SDOT001,V02Q1940551,residential_area,Seodaemun-gu,Cheonyeon-dong
SDOT001,V02Q1940730,residential_area,Geumcheon-gu,Siheung3-dong
SDOT001,V02Q1940533,residential_area,Gwanak-gu,Jowon-dong
SDOT001,V02Q1940098,commercial_area,Gangnam-gu,Suseo-dong
SDOT001,V02Q1940557,residential_area,Gwanak-gu,Samseong-dong
SDOT001,V02Q1940593,residential_area,Mapo-gu,Sogang-dong
SDOT001,V02Q1940398,roads_and_parks,Seocho-gu,Yangjae2-dong
SDOT001,V02Q1940356,residential_area,Dongjak-gu,Heukseok-dong
SDOT001,V02Q1940315,residential_area,Gangnam-gu,Gaepo1-dong
SDOT001,V02Q1940682,residential_area,Gwanak-gu,Samseong-dong
SDOT001,V02Q1940954,traditional_markets,Gangnam-gu,Nonhyeon1-dong
SDOT001,OC3CL200112,residential_area,Yangcheon-gu,Sinjeong7-dong
SDOT001,V02Q1940158,residential_area,Seocho-gu,Banpobon-dong
SDOT001,V02Q1940236,residential_area,Gangnam-gu,Dogok1-dong
SDOT001,V02Q1940547,residential_area,Gwanak-gu,Nakseongdae-dong
SDOT001,V02Q1940649,residential_area,Jongno-gu,Sajik-dong
SDOT001,V02Q1940656,public_facilities,Geumcheon-gu,Gasan-dong
SDOT001,V02Q1940691,residential_area,Gwanak-gu,Seorim-dong
SDOT001,OC3CL200024,main_street,Gangnam-gu,Daechi4-dong
SDOT001,V02Q1940087,residential_area,Seongbuk-gu,Jangwi3-dong
SDOT001,OC3CL200015,roads_and_parks,Gangnam-gu,Sinsa-dong
